http://www.focusedtechnology.com/lt20lp.html,            Part Number: LT20LP           
http://www.focusedtechnology.com/lt10lp.html,            Part Number: LT10LP           
http://www.focusedtechnology.com/gt50lp.html,            Part Number: GT50LP           
http://www.focusedtechnology.com/nec-lamp-lh01lp.html,            Part Number: LH01LP           
http://www.focusedtechnology.com/gt60lp.html,            Part Number: GT60LP           
http://www.focusedtechnology.com/nec-gt60lp.html,            Part Number: GT60LP           
http://www.focusedtechnology.com/pelican-1620-020-110.html,            Part Number: 1620-020-110           
http://www.focusedtechnology.com/portersoftie250.html,            Part Number: SOFTIE           
http://www.focusedtechnology.com/porter-rs-170.html,            Part Number: rs-170           
http://www.focusedtechnology.com/jelco-jel-3325er.html,            Part Number: JEL-3325ER           
http://www.focusedtechnology.com/panasonic-pt-ae8000u-projector.html,            Part Number: PT-AE8000U           
http://www.focusedtechnology.com/panasonic-pt-rz470uw-projector.html,            Part Number: PT-RZ470UW           
http://www.forwardforward.com/product-brinley-sunglasses/OPEO-WG49/?&pdpsrc=rec1&sectionURL=Direct+Hit&d=null,Our Style No. OPEO-WG49,Our Style No. OPEO-WG49
http://www.forwardforward.com/product-mirror-two-toned-sunglasses/SMCC-WG32/?&pdpsrc=rec1&sectionURL=Direct+Hit&d=null,Our Style No. SMCC-WG32,Our Style No. SMCC-WG32
http://www.forwardforward.com/product-24s-sunglasses/SLAU-WG8/?&pdpsrc=rec1&sectionURL=Direct+Hit&d=null,Our Style No. SLAU-WG8,Our Style No. SLAU-WG8
http://www.forwardforward.com/product-cat-eye-sunglasses/31PH-WG9/?&pdpsrc=rec1&sectionURL=Direct+Hit&d=null,Our Style No. 31PH-WG9,Our Style No. 31PH-WG9
http://www.forwardforward.com/product-24-sunglasses/SLAU-WG3/?&pdpsrc=rec1&sectionURL=Direct+Hit&d=null,Our Style No. SLAU-WG3,Our Style No. SLAU-WG3
http://www.forwardforward.com/product-ronette-sunglasses/BARP-WG5/?&pdpsrc=rec1&sectionURL=Direct+Hit&d=null,Our Style No. BARP-WG5,Our Style No. BARP-WG5
http://www.forwardforward.com/product-dframe-sunglasses/31PH-WG20/?&pdpsrc=rec1&sectionURL=Direct+Hit&d=null,Our Style No. 31PH-WG20,Our Style No. 31PH-WG20
http://www.forwardforward.com/product-polarized-emmy-sunglasses/OPEO-WG44/?&pdpsrc=rec1&sectionURL=Direct+Hit&d=null,Our Style No. OPEO-WG44,Our Style No. OPEO-WG44
http://www.forwardforward.com/product-mirror-wayfarer-sunglasses/SMCC-WG34/?&pdpsrc=rec1&sectionURL=Direct+Hit&d=null,Our Style No. SMCC-WG34,Our Style No. SMCC-WG34
http://www.freestylephoto.biz/4809-Nikon-SB-910-AF-Speedlight,4809          
http://www.freestylephoto.biz/282120-Holga-15B-Manual-Flash-with-Colored-Filters,282120          
http://www.freestylephoto.biz/5247002-Canon-Speedlite-270EX-II,5247002          
http://www.freestylephoto.biz/768120-Holga-Close-Up-Ring-CFL-500-Flash-for-Holga-Cameras,768120          
http://www.freestylephoto.biz/116410-Sunpak-Powerzoom-PZ40X-II-Flash-for-Nikon-Silver,116410          
http://www.freestylephoto.biz/766120-Holga-Manual-Electronic-Flash,766120          
http://www.freestylephoto.biz/28525-Vivtar-VP-1-Vivitar-VP-1-Vari-Power-Adapter-for-285HV-Flash,28525          
http://www.freestylephoto.biz/4808-Nikon-SB-700-AF-Speedlight-Flash,4808          
http://www.freestylephoto.biz/130400-Holga-MR-1-LED-Macro-Ring-Light,130400          
http://www.freestylephoto.biz/7560-Dotline-DLC-60-LED-Ring-Light,7560          
http://www.freestylephoto.biz/151120-Holga-Holgon-MF-Flash,151120          
http://www.freestylephoto.biz/223135-HolgaGlo-135BC-Glows-in-the-Dark!-Solar-Yellow,223135          
http://www.freestylephoto.biz/185120-Holga-120N-Medium-Format-Plastic-Camera-Holgawood-Collection-Sunset,185120          
http://www.freestylephoto.biz/146120-Holga-120-CFN-Plastic-Medium-Format-Camera-with-Built-in-color-flash,146120          
http://www.freestylephoto.biz/306120-HolgaGlo-120N-Plastic-Medium-Format-Camera-Orange-Burst,306120          
http://www.freestylephoto.biz/208120-Holga-135-TIM-35mm-1-2-Frame-Plastic-Twin-Multi-Image-Camera-only,208120          
http://www.freestylephoto.biz/195120-Holga-120PC-3D-Stereo-Pinhole-Camera,195120          
http://www.freestylephoto.biz/295120-Holga-120FN-Plastic-Medium-Format-Camera-with-Built-in-flash-Black,295120          
http://www.freestylephoto.biz/224135-HolgaGlo-135BC-Glows-in-the-Dark!-Infra-Red,224135          
http://www.freestylephoto.biz/1174106-Harman-Titan-8x10-Pinhole-Camera-Kit,1174106          
http://www.freestylephoto.biz/227135-HolgaGlo-135BC-Glows-in-the-Dark!-Aura-Orange,227135          
http://www.freestylephoto.biz/310120-HolgaGlo-120N-Glows-in-the-Dark!-Infra-Red,310120          
http://www.freestylephoto.biz/167120-Holga-135-Plastic-35mm-Camera,167120          
http://www.freestylephoto.biz/304120-HolgaGlo-120N-Plastic-Medium-Format-Camera-Neon-Green,304120          
http://www.freestylephoto.biz/307120-HolgaGlo-120N-Plastic-Medium-Format-Camera-Fuschia-Fusion,307120          
http://www.freestylephoto.biz/207120-Holga-135-TIM-35mm-1-2-Frame-Plastic-Multi-Image-Camera-Red,207120          
http://www.freestylephoto.biz/206120-Holga-135-TIM-35mm-1-2-Frame-Plastic-Twin-Multi-Image-Camera-only,206120          
http://www.freestylephoto.biz/311120-HolgaGlo-120N-Glows-in-the-Dark!-Ultra-Violet,311120          
http://www.freestylephoto.biz/209120-Holga-135-TIM-35mm-1-2-Frame-Plastic-Twin-Multi-Image-Camera-only,209120          
http://www.freestylephoto.biz/144120-Holga-120N-Plastic-Medium-Format-Camera,144120          
http://www.freestylephoto.biz/297120-HolgaGlo-120N-Plastic-Medium-Format-Camera-Electric-Blue,297120          
http://www.freestylephoto.biz/309120-HolgaGlo-120N-Glows-in-the-Dark!-Solar-Yellow,309120          
http://www.freestylephoto.biz/320120-Holga-120N-Rubberized-Medium-Format-Camera,320120          
http://www.freestylephoto.biz/294120-Holga-120N-Camera-Gretchen-Bleiler-Edition,294120          
http://www.freestylephoto.biz/312120-HolgaGlo-120N-Glows-in-the-Dark!-Aura-Orange,312120          
https://www.frontierpc.com/security-surveillance/alarms-locks/cabinet-locks/lock-kit/apg/apg-cash-drawer-lock-kit-pk-808ls-a10-1013262376.html, 1013262376              ,PK-808LS-A10
https://www.frontierpc.com/security-surveillance/alarms-locks/cabinet-locks/cabinet-lock/apg/vasario/apg-cash-drawer-cabinet-lock-vpk-8ls-542-1021082725.html, 1021082725              ,VPK-8LS-542
https://www.frontierpc.com/security-surveillance/alarms-locks/cabinet-locks/lock-kit/mmf/mmf-cash-drawer-key-lock-set-635-0053-w150-11028014.html, 11028014              ,635-0053-W150
https://www.frontierpc.com/security-surveillance/alarms-locks/cabinet-locks/lock-kit/apg/apg-cash-drawer-lock-kit-pk-808ls-a3-1013262377.html, 1013262377              ,PK-808LS-A3
https://www.frontierpc.com/security-surveillance/alarms-locks/cabinet-locks/lock-kit/apg/apg-cash-drawer-lock-kit-pk-808ls-a2-1021082853.html, 1021082853              ,PK-808LS-A2
https://www.frontierpc.com/security-surveillance/alarms-locks/cabinet-locks/mmf/mmf-cash-drawer-lock-pin-tumbler-635-0053-w100-11027871.html, 11027871              ,635-0053-W100
https://www.frontierpc.com/security-surveillance/alarms-locks/cabinet-locks/electric-cabinet-lock/security-door/sdc-295-programmable-cabinet-lock-1022298417.html, 1022298417              ,295
https://www.frontierpc.com/security-surveillance/alarms-locks/cabinet-locks/cabinet-lock/pos-x/pos-x-replacement-lock-for-ion-cash-drawer-ion-ca-1lock-1027571171.html, 1027571171              ,ION-CA-1LOCK
https://www.frontierpc.com/security-surveillance/alarms-locks/cabinet-locks/handle-lock/tripp-lite/smartrack/tripp-lite-srcombo-combination-lock-for-door-1012194004.html, 1012194004              ,SRCOMBO
https://www.frontierpc.com/security-surveillance/alarms-locks/cabinet-locks/cabinet-lock/security-door/sdc-290-cabinet-lock-1018877564.html, 1018877564              ,290
https://www.frontierpc.com/security-surveillance/alarms-locks/cabinet-locks/lock-kit/startech/startech.com-spare-keys-%26-lock-for-rk-series-rack-cabinets-rksparekey-1014546118.html, 1014546118              ,RKSPAREKEY
https://www.frontierpc.com/security-surveillance/alarms-locks/cabinet-locks/cabinet-lock/pos-x/pos-x-evo-heavy-duty-replacement-lock-evo-ch-1lock-1027571170.html, 1027571170              ,EVO-CH-1LOCK
https://www.frontierpc.com/security-surveillance/alarms-locks/cabinet-locks/lock-kit/apg/apg-cash-drawer-lock-kit-pk-808ls-a9-1013262379.html, 1013262379              ,PK-808LS-A9
https://www.frontierpc.com/security-surveillance/alarms-locks/cabinet-locks/lock-kit/altronix/altronix-cam1-cam-lock-1018874812.html, 1018874812              ,CAM1
https://www.frontierpc.com/security-surveillance/alarms-locks/cabinet-locks/lock-kit/altronix/altronix-cam-lock-for-wp2-enclosures-wpl2-1020461947.html, 1020461947              ,WPL2
https://www.frontierpc.com/security-surveillance/alarms-locks/cabinet-locks/mmf/advantage-replacement-lock-%28random%29-226-199lckrnd-00-1020241267.html, 1020241267              ,226-199LCKRND-00
https://www.frontierpc.com/security-surveillance/alarms-locks/cabinet-locks/lock-kit/altronix/altronix-cam-lock-for-wp1-enclosures-wpl1-1020278793.html, 1020278793              ,WPL1
https://www.frontierpc.com/security-surveillance/alarms-locks/cabinet-locks/lock-kit/mmf/mmf-cash-drawer-lock-key-set-635-2502-00-11026870.html, 11026870              ,635-2502-00
https://www.frontierpc.com/security-surveillance/alarms-locks/cabinet-locks/lock-kit/logic-controls/logic-controls-key-lock-set-cr3000-kl-11867335.html, 11867335              ,CR3000-KL
https://www.frontierpc.com/security-surveillance/alarms-locks/cabinet-locks/cabinet-lock/axis/axis-cabinet-lock-5505-651-1029858136.html, 1029858136              ,5505-651
https://www.frontierpc.com/accessories/carrying-cases/carrying-case/case-logic/case-logic-medium-slr-camera-bag-slrc202-slrc-202-1013693985.html, 1013693985              ,SLRC-202
https://www.frontierpc.com/accessories/carrying-cases/carrying-case/samsung/book-cover-tablet-case-ef-bt330wwegca-1027038174.html, 1027038174              ,EF-BT330WWEGCA 
https://www.frontierpc.com/accessories/carrying-cases/carrying-case/case-logic/case-logic-qpb-202-camcorder-case-1017895997.html, 1017895997              ,QPB-202
https://www.frontierpc.com/accessories/carrying-cases/carrying-case/rim/blackberry-smartphone-case-acc-59524-001-1029140647.html, 1029140647              ,ACC-59524-001 
https://www.frontierpc.com/accessories/carrying-cases/carrying-case/logitech/anyangle-protective-case-with-any-angle-stand-939-001115-1029393471.html, 1029393471              ,939-001115
https://www.frontierpc.com/accessories/carrying-cases/carrying-case/case-logic/case-logic-point-shoot-camera-case-tbc-402-blk-1022752506.html, 1022752506              ,TBC402BLK
https://www.frontierpc.com/accessories/carrying-cases/carrying-case/rim/blackberry-classic-leather-pocket-black-acc-60087-001-1029293721.html, 1029293721              ,ACC-60087-001 
https://www.frontierpc.com/accessories/carrying-cases/carrying-case/elsa/executive-tablet-case-vta320-11-1026669979.html, 1026669979              ,VTA32011
https://www.frontierpc.com/accessories/carrying-cases/carrying-case/targus/trademark-notepac-plus-carrying-case-ctm400-10058932.html, 10058932              ,CTM400 
https://www.frontierpc.com/accessories/carrying-cases/carrying-case/samsung/book-cover-for-galaxy-note-8.0-white-ef-bn510bwegca-1024642615.html, 1024642615              ,EF-BN510BWEGCA 
https://www.frontierpc.com/accessories/carrying-cases/carrying-case/targus/versavu/ipad-case-thz156ca-1021749680.html, 1021749680              ,THZ156CA
https://www.frontierpc.com/accessories/carrying-cases/carrying-case/samsung/flipwallet-ef-wg900b-smartphone-case-wegca-1027460433.html, 1027460433              ,EF-WG900BWEGCA 
https://www.frontierpc.com/accessories/carrying-cases/carrying-case/samsung/book-cover-for-galaxy-tab-3-8.0-black-ef-bt310bbegca-1024744366.html, 1024744366              ,EF-BT310BBEGCA 
https://www.frontierpc.com/accessories/carrying-cases/carrying-case/solo/classic/universal-fit-tablet-ereader-booklet-cls2234-1023392750.html, 1023392750              ,CLS223-4
https://www.frontierpc.com/accessories/carrying-cases/carrying-case/solo/executive-carrying-case-vta137-3-1028899087.html, 1028899087              ,VTA1373
https://www.frontierpc.com/accessories/carrying-cases/carrying-case/case-logic/case-logic-small-slr-lens-case-slra-1-1011069770.html, 1011069770              ,SLRA-1
https://www.frontierpc.com/accessories/carrying-cases/carrying-case/case-logic/case-logic-vnb-217-value-notebook-backpack-1018159717.html, 1018159717              ,VNB-217
https://www.frontierpc.com/accessories/carrying-cases/carrying-case/samsung/gs-4-mini-flip-cover-ef-fi919bbegca-1027833009.html, 1027833009              ,EFFI919BBEGCA
https://www.frontierpc.com/accessories/carrying-cases/carrying-case/samsung/book-cover-tablet-case-ef-bt330wbegca-1027038175.html, 1027038175              ,EF-BT330WBEGCA 
https://www.frontierpc.com/accessories/carrying-cases/carrying-case/case-logic/case-logic-camcorder-kit-bag-dcb-305-1016502234.html, 1016502234              ,DCB-305
https://www.frontierpc.com/nabi-waffle-case-waffle-03-fa12-1024840648.html, 1024840648              ,WAFFLE-03-FA12
https://www.frontierpc.com/accessories/carrying-cases/carrying-case/hipstreetonline/universal-9-10-case-w-bluetooth-keyboard-univ910cs-3n1-1027182402.html, 1027182402              ,UNIV910CS-3N1
https://www.frontierpc.com/accessories/carrying-cases/carrying-case/hipstreetonline/universal/tablet-case-hs-unitcase-1024659566.html, 1024659566              ,HS-UNITCASE
https://www.frontierpc.com/accessories/carrying-cases/keyboard-cover-case/logitech/ultrathin-keyboard-folio-pu-leather-for-ipad-mini-920-005893-1025812030.html, 1025812030              ,920-005893 
https://www.frontierpc.com/accessories/carrying-cases/carrying-case/logitech/big-bang-impact-protective%2C-thin-light-case-for-ipad-air-939-001042-1027749543.html, 1027749543              ,939001042
https://www.frontierpc.com/accessories/carrying-cases/carrying-case/case-logic/case-logic-medium-camcorder-case-sldc203-sldc-203-1013693988.html, 1013693988              ,SLDC203
https://www.frontierpc.com/accessories/carrying-cases/carrying-case/case-logic/case-logic-laps-113-notebook-case-blk-1019821290.html, 1019821290              ,LAPS-113BLK
https://www.frontierpc.com/accessories/carrying-cases/carrying-case/logitech/hinge-flexible-case-with-any-angle-stand-for-ipad-air-939-000924-1027749546.html, 1027749546              ,939000924
https://www.frontierpc.com/accessories/carrying-cases/carrying-case/case-logic/case-logic-point-shoot-camera-case-tbc-401-blk-1022752512.html, 1022752512              ,TBC401BLK
https://www.frontierpc.com/accessories/carrying-cases/carrying-case/logitech/folio/protective-case-for-ipad-mini-black-939-000632-1025484545.html, 1025484545              ,939000632
https://www.frontierpc.com/accessories/carrying-cases/carrying-case/kobo/sleepcover-digital-text-reader-case-n250-ac-bk-e-pu-1028142012.html, 1028142012              ,N250-AC-BK-E-PU 
https://www.frontierpc.com/accessories/carrying-cases/carrying-case/case-logic/case-logic-compact-high-zoom-camera-case-tbc-404-1022752511.html, 1022752511              ,TBC-404
https://www.frontierpc.com/accessories/carrying-cases/keyboard-cover-case/logitech/ipad-air-case-920-006909-1029471804.html, 1029471804              ,920-006909 
https://www.frontierpc.com/accessories/carrying-cases/carrying-case/logitech/big-bang-impact-protective%2C-thin-light-case-for-ipad-air-939-000806-1027749542.html, 1027749542              ,939000806
https://www.frontierpc.com/accessories/carrying-cases/carrying-case/rim/blackberry-smartphone-case-acc-60088-001-1029293719.html, 1029293719              ,ACC-60088-001 
https://www.frontierpc.com/accessories/carrying-cases/carrying-case/elsa/ipad-air-case-pro201-4-1028863834.html, 1028863834              ,PRO2014
https://www.frontierpc.com/accessories/carrying-cases/carrying-case/samsung/galaxy-note-10.1-2014-edition-book-cover-ef-bp600bbegca-1026752722.html, 1026752722              ,EF-BP600BBEGCA 
https://www.frontierpc.com/office-furniture/chairs-seating/stacking-chair/hon/ignition/hon-multipurpose-stacking-chairs-with-glides-is110ai62-1024137376.html, 1024137376              ,IS110AI62
https://www.frontierpc.com/office-furniture/chairs-seating/chair/hon/ignition/hon-seating-series-leather-guest-chair-ig107ss11-1026720401.html, 1026720401              ,IG107SS11
https://www.frontierpc.com/office-furniture/chairs-seating/chair/hon/basyx-by-hon-softhread-leather-sled-base-guest-chair-vl653sb11-1027736944.html, 1027736944              ,VL653SB11
https://www.frontierpc.com/office-furniture/chairs-seating/task-chair/hon/volt-5700/hon-volt-5701-basic-swivel-task-chair-5701ga10t-1010046337.html, 1010046337              ,5701GA10T
https://www.frontierpc.com/office-furniture/chairs-seating/task-chair/hon/ignition/hon-work-task-seating-iw103ai62-1024137383.html, 1024137383              ,IW103AI62
https://www.frontierpc.com/office-furniture/chairs-seating/chair/hon/hon-guest-chair-ib108ss11-1026720400.html, 1026720400              ,IB108SS11
https://www.frontierpc.com/office-furniture/chairs-seating/chair/hon/basyx-by-hon-vl511-mid-back-task-chair-vl511lh10-1028853827.html, 1028853827              ,VL511LH10
https://www.frontierpc.com/office-furniture/chairs-seating/management-chair/hon/vl640/basyx-by-hon-vl642-managerial-mid-back-chair-vl642st11-1010046333.html, 1010046333              ,VL642ST11
https://www.frontierpc.com/office-furniture/chairs-seating/stacking-chair/hon/ignition/hon-multipurpose-stacking-chairs-with-casters-is109ai10-1024137370.html, 1024137370              ,IS109AI10
https://www.frontierpc.com/office-furniture/chairs-seating/stacking-chair/hon/gueststacker/hon-stack-chair-w-painted-legs-4031lat-1022081584.html, 1022081584              ,4031LAT
https://www.frontierpc.com/office-furniture/chairs-seating/guest-chair/safco/cava-urth/safco-series-sled-base-guest-chair-7047gr-1021746104.html, 1021746104              ,7047GR
https://www.frontierpc.com/office-furniture/chairs-seating/stacking-chair/hon/nucleus/hon-iliria-stretch-m4-multipurpose-stacking-chair-n606nt90-1021069615.html, 1021069615              ,N606NT90
https://www.frontierpc.com/office-furniture/chairs-seating/chair/hon/basyx-by-hon-fabric-seat-mesh-high-back-chair-vl721lh10-1025881168.html, 1025881168              ,VL721LH10
https://www.frontierpc.com/office-furniture/chairs-seating/stacking-chair/hon/ignition/hon-mesh-back-multipurpose-stacking-chair-is108ai10-1024137366.html, 1024137366              ,IS108AI10
https://www.frontierpc.com/office-furniture/chairs-seating/guest-chair/hon/vl600/basyx-by-hon-vl616-guest-chairs-with-arms-vl616va10-1011091359.html, 1011091359              ,VL616VA10
https://www.frontierpc.com/office-furniture/chairs-seating/task-chair/hon/ignition/hon-work-task-seating-iw103ai19-1024137382.html, 1024137382              ,IW103AI19
https://www.frontierpc.com/office-furniture/chairs-seating/task-chair/hon/volt/hon-seating-mesh-task-chair-5711ga90t-1023248543.html, 1023248543              ,5711GA90T
https://www.frontierpc.com/office-furniture/chairs-seating/task-chair/hon/comfortask-5900/hon-comfortask-5901-task-swivel-chair-5901-ab12t-1010039801.html, 1010039801              ,5901-AB12T
https://www.frontierpc.com/office-furniture/chairs-seating/management-chair/mayline/ultimo/mayline-ulmgrblk-leather-managerial-mid-back-chair-11970806.html, 11970806              ,ULMGRBLK
https://www.frontierpc.com/office-furniture/chairs-seating/task-chair/hon/ignition/hon-work-task-seating-iw103ai10-1024137381.html, 1024137381              ,IW103AI10
https://www.frontierpc.com/office-furniture/chairs-seating/guest-chair/safco/cava-urth/safco-series-sled-base-guest-chair-7047bl-1021746107.html, 1021746107              ,7047BL
https://www.frontierpc.com/office-furniture/chairs-seating/task-chair/hon/basyx-by-hon-vl220-mid-back-task-chair-vl220va19-1018359619.html, 1018359619              ,VL220VA19
https://www.frontierpc.com/office-furniture/chairs-seating/task-chair/hon/basyx-by-hon-mid-back-mesh-task-chair-vl712mm10-1010898295.html, 1010898295              ,VL712MM10
https://www.frontierpc.com/office-furniture/chairs-seating/management-chair/hon/vl690/basyx-by-hon-vl692-managerial-mid-back-chair-vl692sp11-1010046305.html, 1010046305              ,VL692SP11
https://www.frontierpc.com/office-furniture/chairs-seating/executive-chair/hon/basyx-by-hon-vl705-mesh-high-back-chair-vl705vm10-1021069611.html, 1021069611              ,VL705VM10
https://www.frontierpc.com/office-furniture/chairs-seating/management-chair/hon/basyx-by-hon-executive-adjustable-height-work-chair-vl103sb11-1020126752.html, 1020126752              ,VL103SB11
https://www.frontierpc.com/office-furniture/chairs-seating/chair/hon/endorse/hon-coll.-mesh-mid-back-work-chair-lwm2acu42-1029476710.html, 1029476710              ,LWM2ACU42
https://www.frontierpc.com/office-furniture/chairs-seating/stacking-chair/hon/ignition/hon-multipurpose-stacking-chairs-with-casters-is109ai19-1024137371.html, 1024137371              ,IS109AI19
https://www.frontierpc.com/office-furniture/chairs-seating/stacking-chair/hon/ignition/hon-mesh-back-multipurpose-stacking-chair-is108ai19-1024137367.html, 1024137367              ,IS108AI19
https://www.frontierpc.com/office-furniture/chairs-seating/task-chair/hon/basyx-by-hon-vl630-mid-back-high-performance-task-chair-with-adjustable-arms-vl630va19-1010039510.html, 1010039510              ,VL630VA19
https://www.frontierpc.com/office-furniture/chairs-seating/guest-chair/hon/hon-guest-chair-ig107ai19-1024137358.html, 1024137358              ,IG107AI19
https://www.frontierpc.com/office-furniture/chairs-seating/stacking-chair/hon/ignition/hon-multipurpose-stacking-chairs-with-glides-is110ai10-1024137374.html, 1024137374              ,IS110AI10
https://www.frontierpc.com/office-furniture/chairs-seating/guest-chair/hon/ignition/hon-mesh-back-sled-base-guest-chairs-ib108ai62-1024137355.html, 1024137355              ,IB108AI62
https://www.frontierpc.com/office-furniture/chairs-seating/stacking-chair/hon/ignition/hon-mesh-back-multipurpose-stacking-chairs-is108ai62-1024137368.html, 1024137368              ,IS108AI62
https://www.frontierpc.com/cameras/digital-still-camera/compact-camera/fujifilm/x/x30-compact-camera-600013935-1028829762.html, 1028829762              ,600013935
https://www.frontierpc.com/cameras/digital-still-camera/compact-camera/olympus/stylus-tough/tg-860-compact-camera-v104170bu000-1029659818.html, 1029659818              ,V104170BU000
https://www.frontierpc.com/cameras/digital-still-camera/mirrorless-camera/sony/alpha/a6000-mirrorless-camera-w-16-50mm-lens-ilce6000ls-1027092596.html, 1027092596              ,ILCE6000L/S
https://www.frontierpc.com/cameras/digital-still-camera/mirrorless-camera/olympus/om-d/e-m1-mirrorless-camera-v207010bu000-1025748878.html, 1025748878              ,V207010BU000
https://www.frontierpc.com/cameras/digital-still-camera/compact-camera/olympus/stylus/sh-2-compact-camera-v107090su000-1029837154.html, 1029837154              ,V107090SU000
https://www.frontierpc.com/cameras/digital-still-camera/compact-camera/sony/cyber-shot-wx/wx350-compact-camera-with-20x-optical-zoom-dsc-wx350-dscwx350b-1027334419.html, 1027334419              ,DSCWX350B
https://www.frontierpc.com/productDetails.php?eId=1900524455,,
https://www.frontierpc.com/cameras/digital-still-camera/compact-camera/sony/cyber-shot-tx/cyber-shot-digital-camera-tx30-dsc-tx30-dsctx30b-1024485251.html, 1024485251              ,DSCTX30B
https://www.frontierpc.com/cameras/digital-still-camera/mirrorless-camera-with-lens/sony/alpha/sony-a6000-24.3-megapixel-mirrorless-camera-with-lens-16-mm-50-mm-silver-ilce6000lw-1029278892.html, 1029278892              ,ILCE6000L/W
https://www.frontierpc.com/productDetails.php?eId=1900536286, 1900536286              ,600015414
https://www.frontierpc.com/cameras/digital-still-camera/mirrorless-camera/olympus/om-d/e-m1-mirrorless-camera-v207010su000-1028833100.html, 1028833100              ,V207010SU000
https://www.frontierpc.com/cameras/digital-still-camera/compact-camera/fujifilm/x/x30-compact-camera-600013936-1028829954.html, 1028829954              ,600013936
https://www.frontierpc.com/productDetails.php?eId=1900536489,,
https://www.frontierpc.com/cameras/digital-still-camera/compact-camera/olympus/tough/tg-4-compact-camera-v104160ru000-1029837156.html, 1029837156              ,V104160RU000
https://www.frontierpc.com/cameras/digital-still-camera/compact-camera/olympus/stylus-tough/tg-860-compact-camera-v104170wu000-1029659820.html, 1029659820              ,V104170WU000
https://www.frontierpc.com/cameras/digital-still-camera/compact-camera/sony/cyber-shot-h/cyber-shot-dsc-h400-compact-camera-dsch400b-1027092574.html, 1027092574              ,DSCH400B
https://www.frontierpc.com/cameras/digital-still-camera/mirrorless-camera/olympus/om-d/e-m10-mirrorless-camera-v207021bu000-1026929737.html, 1026929737              ,V207021BU000
https://www.frontierpc.com/cameras/digital-still-camera/compact-camera/olympus/stylus-tough/tg-860-compact-camera-v104170ou000-1029659819.html, 1029659819              ,V104170OU000
https://www.frontierpc.com/productDetails.php?eId=1900536274, 1900536274              ,600015417
https://www.frontierpc.com/productDetails.php?eId=1900536262, 1900536262              ,600015416
https://www.frontierpc.com/productDetails.php?eId=1900526149, 1900526149              ,600015353
https://www.frontierpc.com/productDetails.php?eId=1900536832, 1900536832              ,600015413
https://www.frontierpc.com/cameras/digital-still-camera/mirrorless-camera-body-only/olympus/om-d/e-m5-mark-ii-mirrorless-camera-body-only-v207040su000-1029659829.html, 1029659829              ,V207040SU000
https://www.frontierpc.com/cameras/digital-still-camera/mirrorless-camera/olympus/om-d/e-m10-mirrorless-camera-v207021su000-1026929738.html, 1026929738              ,V207021SU000
https://www.frontierpc.com/cameras/digital-still-camera/compact-camera/sony/cyber-shot/digital-camera-w830-dsc-w830-dscw830b-1026828174.html, 1026828174              ,DSCW830B
https://www.frontierpc.com/cameras/digital-still-camera/mirrorless-camera/sony/alpha-nex/a6000-mirrorless-dslr-camera-with-16-50mm-lens-ilce6000lb-1027092575.html, 1027092575              ,ILCE6000L/B
https://www.frontierpc.com/cameras/digital-still-camera/mirrorless-camera/sony/alpha/ilce-5000l-body-with-standard-zoom-lens-ilce5000lb-1026898192.html, 1026898192              ,ILCE5000LB
https://www.frontierpc.com/cameras/digital-still-camera/compact-camera/olympus/s/sh-1-compact-camera-v107080bu000-1027370141.html, 1027370141              ,V107080BU000
https://www.frontierpc.com/cameras/digital-still-camera/mirrorless-camera/sony/alpha-nex/a6000-mirrorless-dslr-camera-ilce6000b-1027092595.html, 1027092595              ,ILCE6000/B
https://www.frontierpc.com/cameras/digital-still-camera/compact-camera/sony/cyber-shot-tx/cyber-shot-digital-camera-tx30-dsc-tx30-dsctx30l-1024485252.html, 1024485252              ,DSCTX30L
https://www.frontierpc.com/cameras/digital-still-camera/compact-camera/olympus/stylus/sh-2-compact-camera-v107090bu000-1029837155.html, 1029837155              ,V107090BU000
https://www.frontierpc.com/cameras/digital-still-camera/compact-camera/sony/cyber-shot-wx/wx350-compact-camera-with-20x-optical-zoom-dsc-wx350-dscwx350w-1027334333.html, 1027334333              ,DSCWX350W
https://www.frontierpc.com/cameras/digital-still-camera/compact-camera/olympus/s/sh-1-compact-camera-v107080su000-1027370128.html, 1027370128              ,V107080SU000
https://www.frontierpc.com/cameras/digital-still-camera/mirrorless-camera/sony/alpha/%26alpha%3B3000-camera-with-18-55mm-lens-ilce3000kb-1025539615.html, 1025539615              ,ILCE3000KB
https://www.frontierpc.com/cameras/digital-still-camera/mirrorless-camera-body-only/olympus/om-d/e-m5-mark-ii-mirrorless-camera-body-only-v207040bu000-1029659828.html, 1029659828              ,V207040BU000
https://www.frontierpc.com/productDetails.php?eId=1900537268, 1900537268              ,600015411
https://www.frontierpc.com/cameras/digital-still-camera/compact-camera/sony/point-shoot-digital-still-camera-dsc-w800-dscw800b-1027092594.html, 1027092594              ,DSCW800B
https://www.frontierpc.com/productDetails.php?eId=1900343928, 1900343928              ,DVC-SP1-YL-US-3
https://www.frontierpc.com/productDetails.php?eId=1900538131,,
https://www.frontierpc.com/cameras/digital-still-camera/mirrorless-camera/olympus/pen/olympus-e-pl7-16.1-megapixel-mirrorless-camera-with-lens-%28body-with-lens-kit%29-14-mm-42-mm-black-v205071bu000-1028703153.html, 1028703153              ,V205071BU000
https://www.frontierpc.com/cameras/digital-still-camera/compact-camera/olympus/tough/tg-4-compact-camera-v104160bu000-1029837157.html, 1029837157              ,V104160BU000
https://www.frontierpc.com/productDetails.php?eId=1900536177,,
https://www.frontierpc.com/cameras/digital-still-camera/bridge-camera/olympus/stylus/1s-bridge-camera-v109020bu000-1029837158.html, 1029837158              ,V109020BU000
https://www.frontierpc.com/cameras/digital-still-camera/mirrorless-camera/sony/alpha-a/%26alpha%3B5100-mirrorless-camera-ilce5100lb-1028662802.html, 1028662802              ,ILCE5100L/B
https://www.frontierpc.com/cameras/digital-still-camera/mirrorless-camera/olympus/pen/olympus-e-pl7-16.1-megapixel-mirrorless-camera-with-lens-%28body-with-lens-kit%29-14-mm-42-mm-silver-v205071su000-1028703152.html, 1028703152              ,V205071SU000
https://www.frontierpc.com/productDetails.php?eId=1900536820, 1900536820              ,600015412
https://www.frontierpc.com/cameras/digital-still-camera/compact-camera/sony/cyber-shot/high-zoom-point-shoot-camera-dsc-h300-dsch300b-1026897275.html, 1026897275              ,DSCH300B
https://www.frontierpc.com/hamilton-camera-dc2-compact-camera-1011866763.html, 1011866763              ,CAMERADC2
https://www.frontierpc.com/cameras/digital-still-camera/mirrorless-camera-with-lens/sony/alpha-a/%26alpha%3B5100-mirrorless-camera-w-16-50mm-lens-ilce5100lw-1028662803.html, 1028662803              ,ILCE5100L/W
https://www.frontierpc.com/cameras/digital-still-camera/compact-camera/sony/cyber-shot-w/cyber-shot-digital-camera-w830-dsc-w830-dscw830p-1026828176.html, 1026828176              ,DSCW830P
https://www.frontierpc.com/storage/hdd-drive-cabinets/drive-enclosure/thermaltake/muse-5g/2.5-usb3.0-external-hard-drive-enclosure-st0041z-1024552464.html, 1024552464              ,ST0041Z
https://www.frontierpc.com/storage/hdd-drive-cabinets/drive-enclosure/vantec/nexstar-cx/nst-300s2-bk-hard-drive-enclosure-1011750853.html, 1011750853              ,NST-300S2-BK
https://www.frontierpc.com/storage/hdd-drive-cabinets/drive-enclosure/vantec/nexstar-6g-3.5-sata-iii-6-gbp-s-to-usb-3.0-external-hard-drive-enclosure-nst-366s3-sv-1027132202.html, 1027132202              ,NST-366S3-SV
https://www.frontierpc.com/storage/hdd-drive-cabinets/drive-enclosure/startech/startech.com-4-drive-trayless-3.5in-sata-sas-mobile-rack-hsb4satsasba-1029111931.html, 1029111931              ,HSB4SATSASBA 
https://www.frontierpc.com/storage/hdd-drive-cabinets/drive-enclosure/startech/startech.com-hdd-tray-for-drw110satbk-mobile-rack-drw110cadsbk-10158236.html, 10158236              ,DRW110CADSBK 
https://www.frontierpc.com/storage/hdd-drive-cabinets/drive-enclosure/vantec/nexstar-cx/nst-300su-bk-hard-drive-enclosure-1014261803.html, 1014261803              ,NST-300SU-BK
https://www.frontierpc.com/storage/hdd-drive-cabinets/drive-enclosure/lenovo/thinkcentre-tiny-storage-unit-0b47375-1023628381.html, 1023628381              ,0B47375 
https://www.frontierpc.com/storage/hdd-drive-cabinets/drive-enclosure/startech/startech.com-2.5in-usb-3.0-encrypted-external-hard-drive-enclosure-portable-sata-hdd-s2510bu3pwps-1024907681.html, 1024907681              ,S2510BU3PWPS 
https://www.frontierpc.com/storage/hdd-drive-cabinets/drive-enclosure/vantec/nexstar-tx/nst-210s2-bk-hard-drive-enclosure-1014409173.html, 1014409173              ,NST-210S2-BK
https://www.frontierpc.com/storage/hdd-drive-cabinets/drive-enclosure/vantec/nexstar-hx-superspeed-usb-3.0-nst-386s3-bk-1027921485.html, 1027921485              ,NST386S3BK
https://www.frontierpc.com/storage/hdd-drive-cabinets/drive-enclosure/vantec/nexstar-cx/nst-200s3-bk-storage-enclosure-1021244640.html, 1021244640              ,NST-200S3-BK
https://www.frontierpc.com/storage/hdd-drive-cabinets/drive-enclosure/vantec/nexstar-6g-3.5-sata-iii-6-gbp-s-to-usb-3.0-external-hard-drive-enclosure-nst-366s3-bk-1027132200.html, 1027132200              ,NST-366S3-BK
https://www.frontierpc.com/storage/hdd-drive-cabinets/drive-enclosure/startech/startech.com-rugged-hard-drive-enclosure-usb-3.0-to-2.5in-sata-6gbps-hdd-or-ssd-uasp-s251bru33-1029924112.html, 1029924112              ,S251BRU33 
https://www.frontierpc.com/storage/hdd-drive-cabinets/drive-enclosure/startech/startech.com-usb-3.0-3.5-sata-hdd-enclosure-s3510bmu33b-1027435136.html, 1027435136              ,S3510BMU33B 
https://www.frontierpc.com/storage/hdd-drive-cabinets/drive-enclosure/startech/startech.com-3.5in-usb-3.0-external-ide-sata-iii-hard-drive-hdd-enclosure-uni3510bmu32-1025451135.html, 1025451135              ,UNI3510BMU32
https://www.frontierpc.com/storage/hdd-drive-cabinets/drive-enclosure/id-tech/icy-dock-mb982sp-1s-storage-enclosure-1020182207.html, 1020182207              ,MB982SP-1S
https://www.frontierpc.com/storage/hdd-drive-cabinets/drive-enclosure/other-world-computing/owc-thunderbay-4-4-bay-professional-grade-enclosure-owctb2ivkit0gb-1028662267.html, 1028662267              ,OWCTB2IVKIT0GB
https://www.frontierpc.com/storage/hdd-drive-cabinets/drive-enclosure/vantec/nexstar-dx/external-5.25-optical-drive-enclosure-usb-3.0-external-interface-nst-530s3-bk-1023175820.html,,
https://www.frontierpc.com/storage/hdd-drive-cabinets/drive-enclosure/vantec/nexstar-6g-2.5-sata-iii-6-gbp-s-to-usb-3.0-external-hard-drive-enclosure-nst-266s3-bk-1026712983.html, 1026712983              ,NST-266S3-BK
https://www.frontierpc.com/storage/hdd-drive-cabinets/drive-enclosure/vantec/3.5-sata-to-usb-3.0-%26-firewire-800-external-hard-drive-enclosure-w-fan-nst-330u3f-sl-1023175821.html, 1023175821              ,NST330U3FSL
https://www.frontierpc.com/storage/hdd-drive-cabinets/drive-enclosure/pdp/patriot-memory-gauntlet-3%2C-2.5-sata-iii-usb-3.0-enclosure-drive-pcgt325s-1026913982.html, 1026913982              ,PCGT325S
https://www.frontierpc.com/storage/hdd-drive-cabinets/drive-enclosure/vantec/nexstar-cx/nst-200s2-bk-hard-drive-enclosure-1011750854.html, 1011750854              ,NST-200S2-BK
https://www.frontierpc.com/storage/hdd-drive-cabinets/drive-enclosure/hp/ml350-gen9-sff-media-cage-kit-726545-b21-1028428974.html, 1028428974              ,726545-B21
https://www.frontierpc.com/storage/hdd-drive-cabinets/drive-enclosure/startech/value/startech.com-black-5.25in-sata-hdd-mobile-rack-drawer-drw110satbk-10158238.html, 10158238              ,DRW110SATBK
https://www.frontierpc.com/storage/hdd-drive-cabinets/drive-enclosure/vantec/nexstar-hx4/quad-3.5-sata-to-usb-3.0-%26-esata-external-hard-drive-enclosure-w-fan-nst-640su3-bk-1022194506.html, 1022194506              ,NST-640SU3-BK
https://www.frontierpc.com/storage/hdd-drive-cabinets/drive-enclosure/startech/startech.com-2.5-usb-3.0-sata-iii-hdd-enclosure-s2510bmu33-1024996167.html, 1024996167              ,S2510BMU33
https://www.frontierpc.com/storage/hdd-drive-cabinets/drive-enclosure/startech/startech.com-2.5-usb-3.0-to-sata-iii-hdd-enclosure-s2510bpu33-1024996168.html, 1024996168              ,S2510BPU33 
https://www.frontierpc.com/storage/hdd-drive-cabinets/drive-enclosure/startech/startech.com-usb-3.0-to-slimline-sata-odd-enclosure-for-blu-ray-dvd-rom-drives-slsoddu33b-1029953511.html, 1029953511              ,SLSODDU33B 
https://www.frontierpc.com/storage/hdd-drive-cabinets/drive-enclosure/id-tech/icy-dock-mb882sp-1s-2b-drive-enclosure-1015366758.html, 1015366758              ,MB882SP-1S-2B
https://www.frontierpc.com/storage/hdd-drive-cabinets/drive-enclosure/acomdata/samba/smbxxxu3e-blk-hard-drive-enclosure-1016090568.html, 1016090568              ,SMBXXXU3EBLK
https://www.frontierpc.com/storage/hdd-drive-cabinets/drive-enclosure/startech/startech.com-mobile-rack-backplane-for-2.5in-sata-sas-drive-satsasbp125-1030263913.html, 1030263913              ,SATSASBP125 
https://www.frontierpc.com/storage/hdd-drive-cabinets/drive-enclosure/startech/startech.com-2.5-usb-3.0-aluminum-sata-iii-hard-drive-enclosure-w-uasp-built-in-cable-s2510bmu33cb-1026781987.html, 1026781987              ,S2510BMU33CB 
https://www.frontierpc.com/storage/hdd-drive-cabinets/drive-enclosure/startech/startech.com-usb-3.1-gen-2-%2810-gbps%29-tool-free-enclosure-for-2.5-sata-drives-s251bpu313-1030263911.html, 1030263911              ,S251BPU313 
https://www.frontierpc.com/storage/hdd-drive-cabinets/drive-enclosure/startech/startech.com-2.5in-usb-3.0-sata-hard-drive-enclosure-w-uasp-for-slim-7mm-sata-iii-ssd-hdd-s2510bpu337-1027371119.html, 1027371119              ,S2510BPU337 
https://www.frontierpc.com/storage/hdd-drive-cabinets/drive-enclosure/hp/rdx-usb-3.0-external-docking-station-c8s07a%23aba-1024795451.html, 1024795451              ,C8S07A#ABA
https://www.frontierpc.com/storage/hdd-drive-cabinets/drive-enclosure/vantec/nexstar-hx/3.5-sata-to-usb-3.0-%26-esata-external-hard-drive-enclosure-w-fan-nst-330su3-bk-1021489371.html, 1021489371              ,NST330SU3BK
https://www.frontierpc.com/storage/hdd-drive-cabinets/drive-enclosure/lenovo/thinkserver-2.5-sata-ssd-cage-with-sata-interposers-4xf0f28766-1027037895.html, 1027037895              ,4XF0F28766
https://www.frontierpc.com/storage/hdd-drive-cabinets/drive-enclosure/coolmax/hd-381bk-u2-hard-drive-enclosure-15335-1012013756.html, 1012013756              ,15335
https://www.frontierpc.com/storage/hdd-drive-cabinets/drive-enclosure/startech/startech.com-removable-2.5-sata-hard-drive-enclosure-backup-system-for-3.5-5.25-bay-sat2510u3rem-1024110737.html, 1024110737              ,SAT2510U3REM 
https://www.frontierpc.com/storage/hdd-drive-cabinets/drive-enclosure/vantec/nexstar-tx-2.5-sata-hard-driver-enclosure-nst-216s3-bk-1027319936.html, 1027319936              ,NST-216S3-BK
https://www.frontierpc.com/storage/hdd-drive-cabinets/drive-enclosure/startech/startech.com-usb-3.0-sata-hdd-enclosure-s2510sm12u33-1026156016.html, 1026156016              ,S2510SM12U33 
https://www.frontierpc.com/storage/hdd-drive-cabinets/drive-enclosure/startech/startech.com-usb-3.0-sata-ide-2.5-hard-drive-enclosure-uni251bmu33-1029434349.html, 1029434349              ,UNI251BMU33 
https://www.frontierpc.com/storage/hdd-drive-cabinets/drive-enclosure/startech/startech.com-2.5in-usb-3.0-sata-hard-disk-drive-enclosure-for-sat2510u3rem-sat2510u3s-1024166498.html, 1024166498              ,SAT2510U3S 
https://www.frontierpc.com/storage/hdd-drive-cabinets/drive-enclosure/startech/startech.com-usb-3.0-2.5-sata-hdd-enclosure-w-iso-s2510bu3iso-1024907680.html, 1024907680              ,S2510BU3ISO 
https://www.frontierpc.com/storage/hdd-drive-cabinets/drive-enclosure/vantec/nexstar-6g-2.5-sata-iii-6-gbp-s-to-usb-3.0-external-hard-drive-enclosure-nst-266s3-sv-1026712984.html, 1026712984              ,NST-266S3-SV
https://www.frontierpc.com/storage/hdd-drive-cabinets/drive-enclosure/startech/startech.com-3.5-usb-3.0-sata-iii-hdd-enclosure-s3510bmu33-1025214758.html, 1025214758              ,S3510BMU33 
https://www.frontierpc.com/storage/hdd-drive-cabinets/drive-enclosure/id-tech/icy-dock-expresscage-mb322sp-b-drive-enclosure-1029945744.html, 1029945744              ,MB322SP-B
https://www.frontierpc.com/storage/hdd-drive-cabinets/drive-enclosure/sonnet/transposer/ssd-to-3.5-tray-adapter-tp-25st35ta-1020016138.html, 1020016138              ,TP25ST35TA
https://www.frontierpc.com/storage/hdd-drive-cabinets/drive-enclosure/startech/startech.com-3.5-usb-3.0-sata-iii-hdd-enclosure-s3510smu33-1025506789.html, 1025506789              ,S3510SMU33 
https://www.frontierpc.com/storage/hdd-drive-cabinets/drive-enclosure/vantec/nexstar-cx/nst-310s3-bk-hard-drive-enclosure-1019997541.html, 1019997541              ,NST-310S3-BK
https://www.frontierpc.com/office-equipment/dry-erase-boards/dry-erase-board/lorell/lorell-aluminum-frame-dry-erase-board-55652-1018057368.html, 1018057368              ,55652
https://www.frontierpc.com/office-equipment/dry-erase-boards/dry-erase-board/ghent/cintra/ghent-dry-erase-markerboard-ctsm3-23-1-1012623516.html, 1012623516              ,CTSM3-23-1
https://www.frontierpc.com/office-equipment/dry-erase-boards/dry-erase-board/sparco/sparco-melamine-board-19770-1010018286.html, 1010018286              ,19770
https://www.frontierpc.com/office-equipment/dry-erase-boards/dry-erase-board/acco/espresso/quartet-dry-erase-board-03830-1021490563.html, 1021490563              ,03830
https://www.frontierpc.com/office-equipment/dry-erase-boards/dry-erase-board/iceberg/iceberg-clarity-glass-dry-erase-whiteboard-31140-1021069692.html, 1021069692              ,31140
https://www.frontierpc.com/office-equipment/dry-erase-boards/dry-erase-board/acco/envi/quartet-friendly-dry-erase-cork-bulletin-board-03939-1012623529.html, 1012623529              ,03939
https://www.frontierpc.com/office-equipment/dry-erase-boards/dry-erase-board/acco/quartet-mini-magnetic-dry-erase-board-03803-1012623523.html, 1012623523              ,03803
https://www.frontierpc.com/office-equipment/dry-erase-boards/dry-erase-board/acco/espresso/quartet-dry-erase-board-15516-1021490565.html, 1021490565              ,15516
https://www.frontierpc.com/office-equipment/dry-erase-boards/dry-erase-board/iceberg/iceberg-clarity-glass-dry-erase-whiteboard-31150-1021069693.html, 1021069693              ,31150
https://www.frontierpc.com/office-equipment/dry-erase-boards/dry-erase-board-easel/iceberg/iceberg-polarity-magnetic-presentation-flipchart-easel-with-dry-erase-surface-30333-1025881323.html, 1025881323              ,30333
https://www.frontierpc.com/office-equipment/dry-erase-boards/dry-erase-board/lorell/signature/lorell-magnetic-dry-erase-board-69654-1010898089.html, 1010898089              ,69654
https://www.frontierpc.com/office-equipment/dry-erase-boards/dry-erase-board/sparco/sparco-aluminum-frame-dry-erase-board-00587-1018057575.html, 1018057575              ,00587
https://www.frontierpc.com/office-equipment/dry-erase-boards/dry-erase-board/safco/safco-impromptu-magnetic-whiteboard-screens-8511gr-1023556025.html, 1023556025              ,8511GR
https://www.frontierpc.com/office-equipment/dry-erase-boards/dry-erase-board/ghent/verona/ghent-markerboard-m2231-1018539408.html, 1018539408              ,M2231
https://www.frontierpc.com/office-equipment/dry-erase-boards/dry-erase-board/sparco/sparco-dry-erase-board-00586-1018057574.html, 1018057574              ,00586
https://www.frontierpc.com/office-equipment/dry-erase-boards/dry-erase-board/lorell/lorell-aluminum-frame-dry-erase-board-55650-1018057366.html, 1018057366              ,55650
https://www.frontierpc.com/office-equipment/dry-erase-boards/dry-erase-board/acco/quartet-porcell-dry-erase-board-23230-1012623531.html, 1012623531              ,23230
https://www.frontierpc.com/office-equipment/dry-erase-boards/dry-erase-board/ghent/verona/ghent-m2-48-4-markerboard-m2484-1018539405.html, 1018539405              ,M2484
https://www.frontierpc.com/office-equipment/dry-erase-boards/dry-erase-board/lorell/signature/lorell-magnetic-dry-erase-board-with-grid-lines-69652-1010898087.html, 1010898087              ,69652
https://www.frontierpc.com/office-equipment/dry-erase-boards/dry-erase-board/lorell/lorell-glass-dry-erase-board-52500-1025487649.html, 1025487649              ,52500
https://www.frontierpc.com/office-equipment/dry-erase-boards/dry-erase-board/acco/quartet-white-board-32123-1015565090.html, 1015565090              ,32123
https://www.frontierpc.com/office-equipment/dry-erase-boards/dry-erase-board/sparco/sparco-melamine-board-19769-1010018285.html, 1010018285              ,19769
https://www.frontierpc.com/office-equipment/dry-erase-boards/dry-erase-board/lorell/lorell-glass-dry-erase-board-52501-1025487650.html, 1025487650              ,52501
https://www.frontierpc.com/office-equipment/dry-erase-boards/dry-erase-board/safco/impromptu/safco-magnetic-whiteboard-screens-8511bl-1023556024.html, 1023556024              ,8511BL
https://www.frontierpc.com/office-equipment/dry-erase-boards/dry-erase-board/acco/quartet-cork-dry-erase-board-55400-1011915678.html, 1011915678              ,55400
https://www.frontierpc.com/office-equipment/dry-erase-boards/dry-erase-board/sparco/sparco-dry-eraseboard-75621-1012623521.html, 1012623521              ,75621
https://www.frontierpc.com/office-equipment/dry-erase-boards/dry-erase-board-easel/acco/quartet-premium-mobile-magnetic-presentation-easel-03862-1011914242.html, 1011914242              ,03862
https://www.frontierpc.com/office-equipment/dry-erase-boards/dry-erase-board/lorell/lorell-wood-frame-dry-erase-boards-84168-1023555900.html, 1023555900              ,84168
https://www.frontierpc.com/office-equipment/dry-erase-boards/dry-erase-board/acco/prestige/quartet-dry-erase-board-20149-1026720612.html, 1026720612              ,20149
https://www.frontierpc.com/office-equipment/dry-erase-boards/dry-erase-board/acco/quartet-white-board-32347-1015565092.html, 1015565092              ,32347
https://www.frontierpc.com/office-equipment/dry-erase-boards/dry-erase-board/lorell/lorell-wood-frame-dry-erase-boards-84167-1023555899.html, 1023555899              ,84167
https://www.frontierpc.com/office-equipment/dry-erase-boards/dry-erase-board/acco/quartet-marker-board-25480-1015565434.html, 1015565434              ,25480
https://www.frontierpc.com/office-equipment/dry-erase-boards/dry-erase-board/acco/quartet-mini-magnetic-dry-erase-board-03869-1012623524.html, 1012623524              ,03869
https://www.frontierpc.com/office-equipment/dry-erase-boards/dry-erase-board/sparco/sparco-dry-eraseboard-75620-1012623520.html, 1012623520              ,75620
https://www.frontierpc.com/office-equipment/dry-erase-boards/dry-erase-board-easel/acco/acco-59468-double-sided-total-erase-mobile-easel-1015565724.html, 1015565724              ,59468
https://www.frontierpc.com/office-equipment/dry-erase-boards/dry-erase-board/acco/quartet-marker-board-53400-1015565749.html, 1015565749              ,53400
https://www.frontierpc.com/office-equipment/dry-erase-boards/dry-erase-board/ghent/verona/ghent-markerboard-m2341-1018539407.html, 1018539407              ,M2341
https://www.frontierpc.com/office-equipment/dry-erase-boards/dry-erase-board/acco/quartet-economy-dry-erase-board-25148-1011915085.html, 1011915085              ,25148
https://www.frontierpc.com/office-equipment/dry-erase-boards/dry-erase-board/iceberg/iceberg-clarity-personal-glass-dry-erase-board-31120-1025487558.html, 1025487558              ,31120
https://www.frontierpc.com/office-equipment/dry-erase-boards/dry-erase-board/acco/quartet-mini-magnetic-dry-erase-board-03870-1012623525.html, 1012623525              ,03870
https://www.frontierpc.com/office-equipment/dry-erase-boards/dry-erase-board/acco/quartet-envi-friendly-dry-erase-board-03942-1012623530.html, 1012623530              ,03942
https://www.frontierpc.com/office-equipment/dry-erase-boards/chalkboard/acco/quartet-webco-chalkboard-45134-1011915431.html, 1011915431              ,45134
https://www.frontierpc.com/office-equipment/dry-erase-boards/dry-erase-board/acco/quartet-porcell-dry-erase-board-23340-1012623532.html, 1012623532              ,23340
https://www.frontierpc.com/office-equipment/dry-erase-boards/dry-erase-board/acco/quartet-economy-dry-erase-board-25146-1011915084.html, 1011915084              ,25146
https://www.frontierpc.com/office-equipment/dry-erase-boards/dry-erase-board/ghent/cintra/ghent-dry-erase-markerboard-ctsm3-34-1-1012623517.html, 1012623517              ,CTSM3-34-1
https://www.frontierpc.com/office-equipment/dry-erase-boards/dry-erase-board/lorell/lorell-24x18-dry-erase-bulletin-combo-boards-84270-1023555903.html, 1023555903              ,84270
https://www.frontierpc.com/office-equipment/dry-erase-boards/dry-erase-board/acco/quartet-marker-board-25470-1015565433.html, 1015565433              ,25470
https://www.frontierpc.com/office-equipment/dry-erase-boards/dry-erase-board/lorell/lorell-magnetic-dry-erase-board-80664-1025009675.html, 1025009675              ,80664
https://www.frontierpc.com/office-equipment/dry-erase-boards/dry-erase-board/iceberg/iceberg-clarity-dry-erase-board-31133-1027378514.html, 1027378514              ,31133
https://www.frontierpc.com/office-equipment/hole-punch/manual-hole-punch/martinyale/master-master-three-hole-punch-mp3-1010066075.html, 1010066075              ,MP3
https://www.frontierpc.com/office-equipment/hole-punch/manual-hole-punch/business-source/business-source-heavy-duty-hole-punch-65645-1014387764.html, 1014387764              ,65645
https://www.frontierpc.com/office-equipment/hole-punch/manual-hole-punch/x-acto/x-acto-slim-portable-binder-punch-73006-1018539496.html, 1018539496              ,73006
https://www.frontierpc.com/office-equipment/hole-punch/manual-hole-punch/acco/swingline-three-hole-punch-74037-1010066578.html, 1010066578              ,A7074037
https://www.frontierpc.com/office-equipment/hole-punch/manual-hole-punch/mcgill/mcgill-metal-slot-punch-16500-11964672.html, 11964672              ,16500
https://www.frontierpc.com/office-equipment/hole-punch/manual-hole-punch/acco/swingline-three-hole-punch-74300-1010066594.html, 1010066594              ,A7074300
https://www.frontierpc.com/office-equipment/hole-punch/manual-hole-punch/acco/swingline-three-hole-punch-74650-1010066601.html, 1010066601              ,A7074650
https://www.frontierpc.com/office-equipment/hole-punch/manual-hole-punch/acco/swingline-standard-office-hole-punch-74105-1011916022.html, 1011916022              ,74105
https://www.frontierpc.com/office-equipment/hole-punch/manual-hole-punch/acco/swingline-desktop-hole-punch-74020-1010066571.html, 1010066571              ,A7074020
https://www.frontierpc.com/office-equipment/hole-punch/manual-hole-punch/business-source/business-source-heavy-duty-hole-punch-65625-1017129448.html, 1017129448              ,65625
https://www.frontierpc.com/office-equipment/hole-punch/manual-hole-punch/martinyale/master-custom-hole-punch-1340pb-1012624085.html, 1012624085              ,1340PB
https://www.frontierpc.com/office-equipment/hole-punch/manual-hole-punch/martinyale/master-master-three-hole-punch-mp40-1010066076.html, 1010066076              ,MP40
https://www.frontierpc.com/office-equipment/hole-punch/manual-hole-punch/stanley-bostitch/bostitch-ez-squeeze-heavy-duty-adjustable-2-3-hole-punch-hpk3-adj-11961282.html, 11961282              ,HPK3ADJ
https://www.frontierpc.com/office-equipment/hole-punch/electric-hole-punch/acco/swingline-03109-electric-hole-punch-1015565513.html, 1015565513              ,03109
https://www.frontierpc.com/office-equipment/hole-punch/manual-hole-punch/accentra/paperpro-manual-hole-punch-2102-1021490105.html, 1021490105              ,2102
https://www.frontierpc.com/office-equipment/hole-punch/manual-hole-punch/business-source/business-source-effortless-manual-hole-punch-62875-1017381967.html, 1017381967              ,62875
https://www.frontierpc.com/office-equipment/hole-punch/manual-hole-punch/business-source/business-source-power-hole-punch-62893-1021069966.html, 1021069966              ,62893
https://www.frontierpc.com/office-equipment/hole-punch/manual-hole-punch/acco/swingline-economy-heavy-duty-hole-punch-74110-1011916023.html, 1011916023              ,74110
https://www.frontierpc.com/office-equipment/hole-punch/manual-hole-punch/sparco/sparco-handheld-6mm-diameter-slot-punch-39283-1028683898.html, 1028683898              ,39283
https://www.frontierpc.com/office-equipment/hole-punch/manual-hole-punch/esselte/rapid-manual-hole-punch-29009-1021490021.html, 1021490021              ,29009
https://www.frontierpc.com/office-equipment/hole-punch/manual-hole-punch/business-source/business-source-manual-hole-punch-62896-1021069968.html, 1021069968              ,62896
https://www.frontierpc.com/office-equipment/hole-punch/manual-hole-punch/acme-united/acme-united-manual-hole-punch-00588-1011914060.html, 1011914060              ,00588
https://www.frontierpc.com/office-equipment/hole-punch/manual-hole-punch/acco/swingline-three-hole-punch-74350-1010066595.html, 1010066595              ,A7074350
https://www.frontierpc.com/office-equipment/hole-punch/manual-hole-punch/acco/swingline-adjustable-economy-hole-punch-74003-1011916012.html, 1011916012              ,74003
https://www.frontierpc.com/office-equipment/hole-punch/manual-hole-punch/martinyale/master-master-three-hole-punch-mp50-1010066077.html, 1010066077              ,MP50
https://www.frontierpc.com/office-equipment/hole-punch/electric-hole-punch/martinyale/master-electric-two-hole-punch-ep210-1010066071.html, 1010066071              ,EP210
https://www.frontierpc.com/office-equipment/hole-punch/manual-hole-punch/martinyale/master-two-hole-punch-3275b-1010066067.html, 1010066067              ,3275B
https://www.frontierpc.com/office-equipment/hole-punch/manual-hole-punch/acco/swingline-heavy-duty-hole-punch-74452-1011916024.html, 1011916024              ,74452
https://www.frontierpc.com/office-equipment/hole-punch/manual-hole-punch/acco/swingline-manual-hole-punch-74030-1010066576.html, 1010066576              ,A7074030
https://www.frontierpc.com/office-equipment/hole-punch/manual-hole-punch/acco/optima/swingline-low-force-punch-74033-1012683014.html, 1012683014              ,74033
https://www.frontierpc.com/office-equipment/hole-punch/manual-hole-punch/martinyale/master-adjustable-medical-punch-525m-1011917616.html, 1011917616              ,525M
https://www.frontierpc.com/office-equipment/hole-punch/manual-hole-punch/sparco/sparco-handheld-4mm-slot-punch-39282-1028683899.html, 1028683899              ,39282
https://www.frontierpc.com/office-equipment/hole-punch/electric-hole-punch/sparco/sparco-high-volume-electric-three-hole-punch-96003-1010043790.html, 1010043790              ,96003
https://www.frontierpc.com/office-equipment/hole-punch/electric-hole-punch/acco/optima/swingline-20-electric-punch-74520-1017936294.html, 1017936294              ,A7074520
https://www.frontierpc.com/office-equipment/hole-punch/manual-hole-punch/business-source/business-source-effortless-2-3-hole-punch-62878-1017381968.html, 1017381968              ,62878
https://www.frontierpc.com/office-equipment/hole-punch/manual-hole-punch/business-source/business-source-translucent-manual-hole-punch-62899-1021069971.html, 1021069971              ,62899
https://www.frontierpc.com/office-equipment/hole-punch/electric-hole-punch/acco/swingline-portable-electric-hole-punch-74515-1012683017.html, 1012683017              ,A7074515
https://www.frontierpc.com/office-equipment/hole-punch/manual-hole-punch/martinyale/master-1000-series-three-hole-punch-1325b-1010066064.html, 1010066064              ,1325B
https://www.frontierpc.com/office-equipment/hole-punch/manual-hole-punch/business-source/business-source-manual-hole-punch-62897-1021069969.html, 1021069969              ,62897
https://www.frontierpc.com/office-equipment/hole-punch/manual-hole-punch/baumgartens/baumgartens-three-in-one-slot-hole-punch-80200-11960800.html, 11960800              ,80200
https://www.frontierpc.com/office-equipment/hole-punch/manual-hole-punch/martinyale/master-master-two-hole-padded-punch-mp250-1010066074.html, 1010066074              ,MP250
https://www.frontierpc.com/office-equipment/hole-punch/electric-hole-punch/bostitch/bostitch-electric-hole-punch-ehp3blk-1020801118.html, 1020801118              ,EHP3BLK
https://www.frontierpc.com/office-equipment/hole-punch/manual-hole-punch/acco/swingline-smarttouch-2-hole-punch-74135-1025881733.html, 1025881733              ,A7074135
https://www.frontierpc.com/office-equipment/hole-punch/manual-hole-punch/acco/swingline-74014ca-desktop-punch-1015565302.html, 1015565302              ,74014CA
https://www.frontierpc.com/office-equipment/hole-punch/manual-hole-punch/acco/swingline-manual-hole-punch-74133-1025881731.html, 1025881731              ,A7074133
https://www.frontierpc.com/office-equipment/hole-punch/manual-hole-punch/mcgill/punchline/mcgill-hand-held-hole-punch-52400-1011915597.html, 1011915597              ,52400
https://www.frontierpc.com/office-equipment/hole-punch/electric-hole-punch/business-source/business-source-electric-hole-punch-00630-1021069963.html, 1021069963              ,00630
https://www.frontierpc.com/office-equipment/hole-punch/manual-hole-punch/accentra/paperpro/accentra-traditional-3-hole-punch-2244-1024137076.html, 1024137076              ,2244
https://www.frontierpc.com/office-equipment/hole-punch/manual-hole-punch/accentra/paperpro-manual-hole-punch-2222-1021490106.html, 1021490106              ,2222
https://www.frontierpc.com/office-equipment/hole-punch/electric-hole-punch/martinyale/master-electric-three-hole-desktop-punch-ep312-1010066072.html, 1010066072              ,EP312
https://www.frontierpc.com/telephones-headsets/phones/ip-phones/ip-phone/snom/m9r-voip-dect-phone-unleashed-voip-3098-1022997733.html, 1022997733              ,3098
https://www.frontierpc.com/telephones-headsets/phones/ip-phones/ip-phone/cisco/unified/7900/7975g-unified-ip-phone-cp-7975g%3D-1022547624.html, 1022547624              ,CP-7975G=
https://www.frontierpc.com/telephones-headsets/phones/ip-phones/ip-phone/polycom/c100s-speaker-ip-phone-2200-44040-001-11906219.html, 11906219              ,2200-44040-001 
https://www.frontierpc.com/telephones-headsets/phones/ip-phones/ip-phone/polycom/cx600-ip-phone-2200-15987-025-1017894187.html, 1017894187              ,2200-15987-025 
https://www.frontierpc.com/telephones-headsets/phones/ip-phones/ip-phone/cisco/spa-301g-ip-phone-spa301-g1-1017240127.html, 1017240127              ,SPA301-G1 
https://www.frontierpc.com/telephones-headsets/phones/ip-phones/ip-phone/polycom/cx100-speaker-ip-phone-2200-44240-001-1011033724.html, 1011033724              ,2200-44240-001 
https://www.frontierpc.com/telephones-headsets/phones/ip-phones/ip-phone/grandstream/dect-cordless-ip-phone-dp715-1023822802.html, 1023822802              ,DP715
https://www.frontierpc.com/telephones-headsets/phones/ip-phones/ip-phone/aastra/6739i-ip-phone-a6739-0131-1055-1019829370.html, 1019829370              ,A6739-0131-1055
https://www.frontierpc.com/telephones-headsets/phones/ip-phones/ip-phone/snom/300-sip-based-ip-phone-3037-1022206097.html, 1022206097              ,3037
https://www.frontierpc.com/telephones-headsets/phones/ip-phones/ip-phone/cisco/8851-ip-phone-1027809348.html, 1027809348              ,CP-8851-K9=
https://www.frontierpc.com/telephones-headsets/phones/ip-phones/ip-phone/snom/710-ip-phone-2793-1024181744.html, 1024181744              ,2793
https://www.frontierpc.com/telephones-headsets/phones/ip-phones/ip-phone/aastra/9480i-exceptional-value-in-an-advanced%2C-fully-featured-ip-screen-telephone-a1735-0131-1005-1013273310.html, 1013273310              ,A173501311005
https://www.frontierpc.com/telephones-headsets/phones/ip-phones/ip-phone/polycom/soundpoint/ip-550-ip-phone-2200-12550-025-1011109992.html, 1011109992              ,2200-12550-025 
https://www.frontierpc.com/telephones-headsets/phones/ip-phones/ip-phone/aastra/6725-ip-phone-6725ip-a6725-0131-2055-1019377661.html, 1019377661              ,A6725-0131-2055
https://www.frontierpc.com/telephones-headsets/phones/ip-phones/ip-phone/aastra/6735i-hd-audio-gige-in-an-expandable-ip-telephone-a6735-0131-1055-1021594638.html, 1021594638              ,A6735-0131-1055
https://www.frontierpc.com/telephones-headsets/phones/ip-phones/ip-phone/snom/720-ip-phone-2794-1021230000.html, 1021230000              ,2794
https://www.frontierpc.com/telephones-headsets/phones/ip-phones/ip-phone/xblue-networks/x-2020-ip-phone-47-9002-1020899042.html, 1020899042              ,479002
https://www.frontierpc.com/telephones-headsets/phones/ip-phones/ip-phone/xblue-networks/x16-digital-ip-hybird-telephone-system-xb1670-92-1016846615.html, 1016846615              ,XB1670-92
https://www.frontierpc.com/telephones-headsets/phones/ip-phones/ip-phone/digium/d45-ip-phone-1teld045lf-1027167407.html, 1027167407              ,1TELD045LF
https://www.frontierpc.com/telephones-headsets/phones/ip-phones/ip-phone/cisco/spa508g-ip-phone-1013476892.html, 1013476892              ,SPA508G 
https://www.frontierpc.com/telephones-headsets/phones/ip-phones/ip-phone/cisco/3905-ip-phone-1020391255.html, 1020391255              ,CP-3905=
https://www.frontierpc.com/telephones-headsets/phones/ip-phones/ip-phone/cisco/8841-ip-phone-1027751858.html, 1027751858              ,CP-8841-K9= 
https://www.frontierpc.com/telephones-headsets/phones/ip-phones/ip-phone/aastra/9143i-ip-telephone-a1733-0131-1005-1014318277.html, 1014318277              ,A173301311005
https://www.frontierpc.com/telephones-headsets/phones/ip-phones/ip-phone/aastra/6867i-powerful%2C-expandable-sip-desktop-phone-with-color-display-80c00002aaa-a-1027220145.html, 1027220145              ,80C00002AAA-A
https://www.frontierpc.com/telephones-headsets/phones/ip-phones/ip-phone/polycom/vvx-310-ip-phone-2200-46161-025-1025564464.html, 1025564464              ,2200-46161-025 
https://www.frontierpc.com/telephones-headsets/phones/ip-phones/ip-phone/plantronics/calisto/p420-ip-phone-optimized-for-microsoft-office-communicator-2007-p420-m-81402-02-1016482782.html, 1016482782              ,81402-02
https://www.frontierpc.com/telephones-headsets/phones/ip-phones/ip-phone/polycom/soundpoint/ip-321-ip-phone-2200-12360-025-1013301448.html, 1013301448              ,2200-12360-025 
https://www.frontierpc.com/telephones-headsets/phones/ip-phones/ip-phone/cisco/7925g-unified-wireless-ip-phone-cp-7925g-a-k9%3D-1012387738.html, 1012387738              ,CP7925GAK9
https://www.frontierpc.com/telephones-headsets/phones/ip-phones/ip-phone/polycom/soundpoint/ip450-phone-2200-12450-025-1012353507.html, 1012353507              ,2200-12450-025 
https://www.frontierpc.com/telephones-headsets/phones/ip-phones/ip-phone/cisco/spa514g-ip-phone-1021995705.html, 1021995705              ,SPA514G
https://www.frontierpc.com/telephones-headsets/phones/ip-phones/ip-phone/polycom/vvx-400-ip-phone-2200-46157-025-1025564465.html, 1025564465              ,2200-46157-025 
https://www.frontierpc.com/telephones-headsets/phones/ip-phones/ip-phone/cisco/ip-phone-7841-1025886919.html, 1025886919              ,CP-7841-K9=
https://www.frontierpc.com/telephones-headsets/phones/ip-phones/ip-phone/polycom/soundpoint/ip-331-phone-2200-12365-025-1013301455.html, 1013301455              ,2200-12365-025 
https://www.frontierpc.com/telephones-headsets/phones/ip-phones/ip-phone/snom/760-ip-phone-2795-1021230001.html, 1021230001              ,2795
https://www.frontierpc.com/telephones-headsets/phones/ip-phones/ip-phone/polycom/vvx-410-ip-phone-2200-46162-025-1024518540.html, 1024518540              ,2200-46162-025 
https://www.frontierpc.com/telephones-headsets/phones/ip-phones/ip-phone/aastra/6731i-ip-telephone-a6731-0131-1055-1019829250.html, 1019829250              ,A6731-0131-1055
https://www.frontierpc.com/telephones-headsets/phones/ip-phones/ip-phone/aastra/6730i-ip-phone-a6730-0131-1055-1019829369.html, 1019829369              ,A6730-0131-1055
https://www.frontierpc.com/telephones-headsets/phones/ip-phones/ip-phone/snom/320-ip-phone-1948-1016077369.html, 1016077369              ,1948
https://www.frontierpc.com/telephones-headsets/phones/ip-phones/ip-phone/cisco/unified-ip-phone-8945%2C-standard-handset-1027640855.html, 1027640855              ,CP8945K9
https://www.frontierpc.com/telephones-headsets/phones/ip-phones/ip-phone/polycom/soundpoint/ip650-ip-phone-2200-12651-025-1011109993.html, 1011109993              ,2200-12651-025 
https://www.frontierpc.com/printers/laser-inkjet-printers/laser-printer/hp/laserjet/enterprise-m605x-printer-e6b71a%23bgj-1029833851.html, 1029833851              ,E6B71A#BGJ 
https://www.frontierpc.com/printers/laser-inkjet-printers/laser-printer/lexmark/ms310/ms315dn-laser-printer-35s0160-1026903107.html, 1026903107              ,35S0160 
https://www.frontierpc.com/printers/laser-inkjet-printers/laser-printer/samsung/xpress/sl-m2835dw-laser-printer-xaa-1027333835.html, 1027333835              ,SL-M2835DW/XAA
https://www.frontierpc.com/printers/laser-inkjet-printers/laser-printer/hp/laserjet-pro-cp1020/laserjet-pro-cp1025nw-color-printer-ce918a%23bgj-1022356685.html, 1022356685              ,CE918ABGJ
https://www.frontierpc.com/printers/laser-inkjet-printers/laser-printer/hp/laserjet-pro/color-m252dw-printer-b4a22a%23bgj-1029508380.html, 1029508380              ,B4A22A#BGJ
https://www.frontierpc.com/printers/laser-inkjet-printers/laser-printer/hp/laserjet-pro/400-m451dn-printer-ce957a%23bgj-1021511414.html, 1021511414              ,CE957A#BGJ 
https://www.frontierpc.com/printers/laser-inkjet-printers/laser-printer/lexmark/ms810/ms810n-laser-printer-40g0100-1023113295.html, 1023113295              ,40G0100 
https://www.frontierpc.com/printers/laser-inkjet-printers/laser-printer/hp/laserjet-p2000/laserjet-p2035-printer-ce461a%23aba-1012057735.html, 1012057735              ,CE461A#ABA 
https://www.frontierpc.com/printers/laser-inkjet-printers/laser-printer/xerox/phaser/3610-monochrome-laser-printer-3610n-3610-n-1025479489.html, 1025479489              ,3610/N
https://www.frontierpc.com/printers/laser-inkjet-printers/laser-printer/hp/laserjet-pro-400/printer-m401dne-cf399a%23bgj-1024108417.html, 1024108417              ,CF399ABGJ
https://www.frontierpc.com/printers/laser-inkjet-printers/laser-printer/hp/laserjet-p3000/laserjet-enterprise-p3015x-printer-ce529a%23aba-1013851284.html, 1013851284              ,CE529A#ABA 
https://www.frontierpc.com/printers/laser-inkjet-printers/laser-printer/xerox/phaser/3610-monochrome-laser-printer-metered-3610dnm-3610-dnm-1025479491.html, 1025479491              ,3610/DNM
https://www.frontierpc.com/printers/laser-inkjet-printers/laser-printer/hp/laserjet/enterprise-m604n-printer-e6b67a%23bgj-1029833847.html, 1029833847              ,E6B67A#BGJ
https://www.frontierpc.com/printers/laser-inkjet-printers/laser-printer/samsung/xpress/sl-c410w-18-4ppm-%28a4%29-colour-laser-printer-xaa-1025211966.html, 1025211966              ,SL-C410W/XAA
https://www.frontierpc.com/printers/laser-inkjet-printers/laser-printer/hp/laserjet-p3010/laserjet-enterprise-p3015n-printer-ce527a%23aba-1016944725.html, 1016944725              ,CE527A#ABA 
https://www.frontierpc.com/printers/laser-inkjet-printers/laser-printer/hp/laserjet-pro/m201dw-cf456a%23bgj-1028085270.html, 1028085270              ,CF456A#BGJ
https://www.frontierpc.com/printers/laser-inkjet-printers/laser-printer/lexmark/ms810/ms810dtn-laser-printer-40g0410-1023437220.html, 1023437220              ,40G0410 
https://www.frontierpc.com/printers/laser-inkjet-printers/laser-printer/lexmark/cs310n-color-laser-printer-28c0000-1023275741.html, 1023275741              ,28C0000 
https://www.frontierpc.com/printers/laser-inkjet-printers/laser-printer/xerox/phaser/3260-monochrome-laser-printer-3260di-3260-di-1028860361.html, 1028860361              ,3260/DI
https://www.frontierpc.com/printers/laser-inkjet-printers/laser-printer/hp/laserjet/enterprise-m604dn-printer-e6b68a%23bgj-1029833848.html, 1029833848              ,E6B68A#BGJ 
https://www.frontierpc.com/asus-vs228nl-p-widescreen-lcd-monitor-1025392034.html, 1025392034              ,VS228NLP
https://www.frontierpc.com/displays/monitors/lcd-monitor/viewsonic/va2246m-led-widescreen-lcd-monitor-1024907544.html, 1024907544              ,VA2246M-LED 
https://www.frontierpc.com/displays/monitors/lcd-monitor/lg/24mb35py-b-widescreen-lcd-monitor-1026831587.html, 1026831587              ,24MB35PY-B
https://www.frontierpc.com/displays/monitors/lcd-monitor/hp/pavilion/20xi-ips-led-backlit-monitor-c4d33aa%23aba-1024178660.html, 1024178660              ,C4D33AA#ABA
https://www.frontierpc.com/displays/monitors/lcd-monitor/lg/24mp47hq-p-widescreen-lcd-monitor-1029748843.html, 1029748843              ,24MP47HQ-P 
https://www.frontierpc.com/displays/monitors/lcd-monitor/hp/24uh-24-inch-led-backlit-monitor-k5a38aa%23aba-1029508681.html, 1029508681              ,K5A38AAABA
https://www.frontierpc.com/displays/monitors/lcd-monitor/asus/ve228h-widescreen-lcd-monitor-1017496741.html, 1017496741              ,VE228H
https://www.frontierpc.com/displays/monitors/lcd-monitor/hp/elite/elitedisplay-e231i-23-in-ips-led-backlit-monitor-%28energy-star%29-f9z10aa%23aba-1028141602.html, 1028141602              ,F9Z10AAABA
https://www.frontierpc.com/displays/monitors/lcd-monitor/aoc/e2260swdn-widescreen-lcd-monitor-1023498686.html, 1023498686              ,E2260SWDN
https://www.frontierpc.com/displays/monitors/lcd-monitor/hp/business/e241i-widescreen-lcd-monitor-f0w81aa%23aba-1026948315.html, 1026948315              ,F0W81AA#ABA 
https://www.frontierpc.com/displays/monitors/lcd-monitor/asus/vn/vn289q-widescreen-lcd-monitor-1027043703.html, 1027043703              ,VN289Q
https://www.frontierpc.com/displays/monitors/lcd-monitor/benq/rl/rl2460ht-widescreen-lcd-monitor-1027130944.html, 1027130944              ,RL2460HT 
https://www.frontierpc.com/displays/monitors/lcd-monitor/hp/advantage/elitedisplay-e201-20-inch-led-backlit-monitor-%28energy-star%29-c9v73aa%23aba-1024654182.html, 1024654182              ,C9V73AA#ABA 
https://www.frontierpc.com/displays/monitors/lcd-monitor/viewsonic/va2037a-led-widescreen-lcd-monitor-1025118907.html, 1025118907              ,VA2037ALED
https://www.frontierpc.com/displays/monitors/lcd-monitor/nec/multisync-e/nec-display-17-desktop-monitor-with-led-backlighting-e171m-bk-1027147542.html, 1027147542              ,E171M-BK
https://www.frontierpc.com/displays/monitors/lcd-monitor/benq/xl2720z-widescreen-lcd-monitor-1026622612.html, 1026622612              ,XL2720Z 
https://www.frontierpc.com/productDetails.php?eId=1900300823,,
https://www.frontierpc.com/displays/monitors/lcd-monitor/lenovo/thinkcentre/lenovo-23-led-lcd-monitor-16%3A9-5-ms-10dqpar6us-1029049781.html, 1029049781              ,10DQPAR6US
https://www.frontierpc.com/displays/monitors/lcd-monitor/benq/xl/xl2730z-gaming-monitor-1029671619.html, 1029671619              ,XL2730Z
https://www.frontierpc.com/displays/monitors/lcd-monitor/benq/xl/xl2411z-widescreen-lcd-monitor-1027130947.html, 1027130947              ,XL2411Z 
https://www.frontierpc.com/displays/monitors/lcd-monitor/viewsonic/vx2452mh-led-monitor-1025511277.html, 1025511277              ,VX2452MH 
https://www.frontierpc.com/displays/monitors/lcd-monitor/hp/advantage/elitedisplay-e221-21.5-inch-led-backlit-monitor-%28energy-star%29-c9v76aa%23aba-1024634473.html, 1024634473              ,C9V76AA#ABA 
https://www.frontierpc.com/displays/monitors/lcd-monitor/lg/27mb85r-b-widescreen-lcd-monitor-1027419264.html, 1027419264              ,27MB85R-B
https://www.frontierpc.com/displays/monitors/lcd-monitor/hp/business/elitedisplay-e231i-23-in-ips-led-backlit-monitor-%28energy-star%29-%28f9z10a8%29-f9z10a8%23aba-1028098645.html, 1028098645              ,F9Z10A8#ABA
https://www.frontierpc.com/displays/monitors/lcd-monitor/hp/elite/elitedisplay-e221i-21.5-inch-ips-led-backlit-monitor-%28energy-star%29-%28f9z09a8%29-f9z09a8%23aba-1028098644.html, 1028098644              ,F9Z09A8#ABA
https://www.frontierpc.com/displays/monitors/lcd-monitor/benq/rl/rl2455hm-widescreen-lcd-monitor-1024552551.html, 1024552551              ,RL2455HM 
https://www.frontierpc.com/displays/monitors/lcd-monitor/hp/pavilion/27xw-27-inch-ips-led-backlit-monitor-%28j7y63aa%29-j7y63aa%23aba-1029839428.html, 1029839428              ,J7Y63AAABA
https://www.frontierpc.com/power-equipment/power-supplies/atx12v-eps12v-power-supply/thermaltake/smart/sp-650ah2ncb-atx12v-%26-eps12v-power-supply-sp-650pcbus-1024498690.html, 1024498690              ,SP-650PCBUS
https://www.frontierpc.com/power-equipment/power-supplies/atx-power-supply/coolmax/ca/ca-300-atx12v-power-supply-14068-1110617525.html, 1110617525              ,14068
https://www.frontierpc.com/power-equipment/power-supplies/atx12v-power-supply/evga/main-stream/atx12v-power-supply-100-w1-0430-kr-1026706094.html, 1026706094              ,100-W1-0430-KR
https://www.frontierpc.com/power-equipment/power-supplies/atx12v-power-supply/startech/startech.com-computer-power-supply-%28internal%29-atx2power350-11563025.html, 11563025              ,ATX2POWER350 
https://www.frontierpc.com/power-equipment/power-supplies/atx12v-eps12v-power-supply/antec/high-current-pro-platinum/hcp-850-platinum-atx12v-%26-eps12v-power-supply-hcp-850platinum-1025076649.html, 1025076649              ,HCP-850PLATINUM
https://www.frontierpc.com/power-equipment/power-supplies/atx12v-eps12v-power-supply/corsair/rm-series-rm750-750-watt-80-plus-gold-certified-fully-modular-psu-cp-9020055-na-1025811362.html, 1025811362              ,CP-9020055-NA
https://www.frontierpc.com/power-equipment/power-supplies/atx12v-eps12v-power-supply/antec/hcg-m/hcg-620m-atx12v-%26-eps12v-power-supply-1021509175.html, 1021509175              ,HCG-620M
https://www.frontierpc.com/power-equipment/power-supplies/atx12v-eps12v-power-supply/thermaltake/smart/standard-650w-sp-650ah2ncb-sp-650p-1024500555.html, 1024500555              ,SP-650P
https://www.frontierpc.com/power-equipment/power-supplies/atx12v-power-supply/antec/earthwatts/ea380d-atx12v-power-supply-ea-380d-1014934468.html, 1014934468              ,EA 380D
https://www.frontierpc.com/power-equipment/power-supplies/atx12v-eps12v-power-supply/evga/supernova/1600-t2-power-supply-1029802934.html, 1029802934              ,220-T2-1600-X1
https://www.frontierpc.com/power-equipment/power-supplies/atx12v-eps12v-power-supply/evga/supernova/1000-g2-1000w-power-supply-120-g2-1000-xr-1024743197.html, 1024743197              ,120-G2-1000-XR
https://www.frontierpc.com/power-equipment/power-supplies/proprietary-power-supply/lenovo/system-x-750w-high-efficiency-platinum-ac-power-supply-94y6669-1022095918.html, 1022095918              ,94Y6669
https://www.frontierpc.com/power-equipment/power-supplies/atx12v-power-supply/sparkle/sparkle-power-400w-atx12v-power-supply-atx-400pn-b204-1011323448.html, 1011323448              ,ATX-400PN-B204
https://www.frontierpc.com/power-equipment/power-supplies/atx12v-eps12v-power-supply/corsair/cs-series-modular-cs550m-550-watt-80-plus-gold-certified-psu-cp-9020076-na-1026148646.html, 1026148646              ,CP-9020076-NA
https://www.frontierpc.com/power-equipment/power-supplies/atx12v-power-supply/sparkle/sparkle-power-350w-atx12v-power-supply-atx-350pn-b204-1011323447.html, 1011323447              ,ATX-350PN-B204
https://www.frontierpc.com/power-equipment/power-supplies/proprietary-power-supply/hp/ac-power-supply-jd362a%23aba-1016808694.html, 1016808694              ,JD362A#ABA
https://www.frontierpc.com/power-equipment/power-supplies/redundant-power-supply/lenovo/thinkserver-gen-5-450w-gold-hot-swap-power-supply-4x20g87845-1029340716.html, 1029340716              ,4X20G87845
https://www.frontierpc.com/power-equipment/power-supplies/proprietary-power-supply/cisco/pwr-2921-51-poe-ac-power-supply-with-poe-%3D-1022547280.html, 1022547280              ,PWR-2921-51-POE 
https://www.frontierpc.com/power-equipment/power-supplies/proprietary-power-supply/cisco/350w-ac-power-supply-spare-pwr-c1-350wac%3D-1024350018.html, 1024350018              ,PWR-C1-350WAC= 
https://www.frontierpc.com/power-equipment/power-supplies/proprietary-power-supply/coolmax/400-watt-atx-12v-ver-2.01-ac-power-supply-v-400-14616-11210530.html, 11210530              ,14616
https://www.frontierpc.com/power-equipment/power-supplies/proprietary-power-supply/hp/proprietary-power-supply-j9580a%23aba-1021002565.html, 1021002565              ,J9580A#ABA
https://www.frontierpc.com/power-equipment/power-supplies/redundant-power-supply/lenovo/67y2625-redundant-power-supply-1020377859.html, 1020377859              ,67Y2625
https://www.frontierpc.com/power-equipment/power-supplies/atx12v-eps12v-power-supply/fractal-design/tesla-r2/fractal-design-650w-white-fd-psu-ts2w-650w-1024139568.html, 1024139568              ,FDPSUTS2W650W
https://www.frontierpc.com/power-equipment/power-supplies/atx12v-power-supply/evga/atx12v-power-supply-100-w1-0500-kr-1026706095.html, 1026706095              ,100-W1-0500-KR
https://www.frontierpc.com/power-equipment/power-supplies/proprietary-power-supply/hp/ac-power-supply-jc087a%23aba-1016808700.html, 1016808700              ,JC087A#ABA
https://www.frontierpc.com/power-equipment/power-supplies/atx12v-eps12v-power-supply/antec/hcg/hcg-900-atx12v-%26-eps12v-power-supply-1018157917.html, 1018157917              ,HCG-900
https://www.frontierpc.com/power-equipment/power-supplies/atx12v-eps12v-power-supply/thermaltake/smart/standard-750w-sp-750ah2ncb-sp-750p-1024500556.html, 1024500556              ,SP-750P
https://www.frontierpc.com/power-equipment/power-supplies/atx12v-power-supply/antec/basiq/bp350-atx-12v-v2.01-power-supply-1010056507.html, 1010056507              ,BP350
https://www.frontierpc.com/power-equipment/power-supplies/atx12v-eps12v-power-supply/antec/hcg-m/hcg-520m-atx12v-%26-eps12v-power-supply-1021509176.html, 1021509176              ,HCG-520M
https://www.frontierpc.com/power-equipment/power-supplies/atx12v-eps12v-power-supply/coolmax/zu/zu-900b-atx12v-%26-eps12v-power-supply-14511-1021852289.html, 1021852289              ,14511
https://www.frontierpc.com/office-equipment/sheet-folders/paper-folder/martinyale/martin-yale-autofolder-1217a-11967443.html, 11967443              ,1217A
https://www.frontierpc.com/office-equipment/sheet-folders/paper-folder/martinyale/martin-yale-rapidfold-auto-folder-p7400-11967469.html, 11967469              ,P7400
https://www.frontierpc.com/office-equipment/sheet-folders/paper-folder/martinyale/rapidfold/martin-yale-desktop-folder-p7200-11967468.html, 11967468              ,P7200
https://www.frontierpc.com/office-equipment/sheet-folders/paper-folder/martinyale/premier-ease-of-use-autofolder-1611-1018359074.html, 1018359074              ,1611
https://www.frontierpc.com/office-equipment/sheet-folders/paper-folder/martinyale/martin-yale-desktop-letter-folder-p6200-11967466.html, 11967466              ,P6200
https://www.frontierpc.com/office-equipment/sheet-folders/paper-folder/martinyale/martin-yale-automatic-paper-folder-1501x-11967445.html, 11967445              ,1501X
https://www.frontierpc.com/office-equipment/sheet-folders/paper-folder/martinyale/martin-yale-desktop-letter-half-folder-p6400-11967467.html, 11967467              ,P6400
https://www.frontierpc.com/storage/storage-arrays/das-array/startech/startech.com-4-bay-external-hard-drive-array-raid-tower-esata-usb-3.0-enclosure-sat3540u3er-1021595093.html, 1021595093              ,SAT3540U3ER
https://www.frontierpc.com/storage/storage-arrays/das-array/lacie/5big-thunderbolt-2-professional-5-disk-hardware-raid-9000503u-1027805142.html, 1027805142              ,9000503U
https://www.frontierpc.com/storage/storage-arrays/das-array/startech/startech.com-dual-bay-2.5in-hard-drive-enclosure-usb-3.0-to-sata-iii-6gbps-with-raid-s252bu33r-1030078550.html, 1030078550              ,S252BU33R 
https://www.frontierpc.com/storage/storage-arrays/das-array/startech/startech.com-dual-msata-ssd-to-2.5-sata-raid-adapter-converter-25sat22msat-1026975898.html, 1026975898              ,25SAT22MSAT 
https://www.frontierpc.com/storage/storage-arrays/das-array/startech/startech.com-das-array-s252smtb3-1026781988.html, 1026781988              ,S252SMTB3 
https://www.frontierpc.com/storage/storage-arrays/das-array/cru/rtx/rtx220-3qj-das-array-35220-3130-0000-1026730046.html, 1026730046              ,35220-3130-0000
https://www.frontierpc.com/storage/storage-arrays/das-array/netgear/readynas-expansion-chassis-5-bay%2C-diskless-eda500-100nas-1024463777.html, 1024463777              ,EDA500-100NAS
https://www.frontierpc.com/storage/storage-arrays/das-array/lacie/2big-thunderbolt-2-professional-dual-disk-hardware-raid-9000473u-1027805126.html, 1027805126              ,9000473U
https://www.frontierpc.com/storage/storage-arrays/das-array/lacie/4big-quadra-usb-3.0-9000509u-1027805141.html, 1027805141              ,9000509U
https://www.frontierpc.com/storage/storage-arrays/das-array/id-tech/icy-dock-mb996sp-6sb-6-in-1-sata-hot-swap-backplane-raid-cage-1023505315.html, 1023505315              ,MB996SP-6SB
https://www.frontierpc.com/storage/storage-arrays/das-array/startech/startech.com-thunderbolt-4-bay-3.5in-hard-drive-raid-enclosure-s354smtb2r-1029001209.html, 1029001209              ,S354SMTB2R 
https://www.frontierpc.com/storage/storage-arrays/das-array/synology/dx513-expansion-unit-for-increasing-capacity-of-the-diskstation-1023453774.html, 1023453774              ,DX513
https://www.frontierpc.com/storage/storage-arrays/san-array/lenovo/storwize-v3700-3.5-inch-storage-controller-unit-6099l2c-1029145664.html, 1029145664              ,6099L2C
https://www.frontierpc.com/storage/storage-arrays/nas-array/tandberg/quikstation/tandberg-data-8900-rdx-nas-rdx-hard-drive-array-1019205282.html, 1019205282              ,8900-RDX
https://www.frontierpc.com/storage/storage-arrays/das-array/startech/startech.com-dual-3.5in-usb-3.0-hot-aswap-trayless-sata-hard-drive-enclosure-w-fan-sat3520u3r-1021203552.html, 1021203552              ,SAT3520U3R
https://www.frontierpc.com/storage/storage-arrays/san-array/promise/vtrak-a-class-series-all-in-one-storage-appliance-for-rich-media-vta38hfdm6-1029139937.html, 1029139937              ,VTA38HFDM6
https://www.frontierpc.com/storage/storage-arrays/lenovo/mellanox-connectx-3-10-gbe-adapter-sysx-00d9690-1029026105.html,,
https://www.frontierpc.com/storage/storage-arrays/san-array/lenovo/storwize-v3700-2.5-inch-storage-controller-unit-6099s2c-1029145662.html, 1029145662              ,6099S2C
https://www.frontierpc.com/storage/storage-arrays/das-array/hp/msa-2040-sas-dual-controller-sff-storage-%28c8s55a%29-1025802493.html, 1025802493              ,C8S55A
https://www.frontierpc.com/storage/storage-arrays/das-array/lacie/2big-thunderbolt-2-professional-dual-disk-hardware-raid-9000438u-1027805131.html, 1027805131              ,9000438U
https://www.frontierpc.com/storage/storage-arrays/hard-drive/wd/my-book/thunderbolt-duo-4-tb-dual-drive-high-speed-storage-with-raid-wdbutv0040jsl-nesn-1025628782.html, 1025628782              ,WDBUTV0040JSL-NESN 
https://www.frontierpc.com/storage/storage-arrays/das-array/wd/my-passport-pro/portable-raid-storage-with-integrated-thunderbolt-cable-wdbrnb0040dbk-nesn-1027179514.html, 1027179514              ,WDBRNB0040DBK-NESN
https://www.frontierpc.com/storage/storage-arrays/das-array/startech/startech.com-usb-3.0-esata-hdd-raid-enclosure-s3520bu33er-1026156017.html, 1026156017              ,S3520BU33ER 
https://www.frontierpc.com/storage/storage-arrays/das-array/datarobotics/drobo-mini/drobo-das-array-dr-mini-1a21-1023083204.html, 1023083204              ,DR-MINI-1A21
https://www.frontierpc.com/storage/storage-arrays/das-array/lacie/rugged-raid-with-integrated-thunderbolt-cable-9000601-1029993216.html, 1029993216              ,9000601
https://www.frontierpc.com/storage/storage-arrays/das-array/promise/pegasus2/series-with-thunderbolt-2-technology-r6-p2r6hd12us-1025982399.html, 1025982399              ,P2R6HD12US
https://www.frontierpc.com/storage/storage-arrays/das-array/vantec/quad-3.5-sata-to-usb-3.0-%26-esata-external-hard-drive-raid-enclosure-w-fan-nst-640s3r-bk-1023453769.html, 1023453769              ,NST-640S3R-BK
https://www.frontierpc.com/storage/storage-arrays/das-array/lenovo/thinkserver/sa120-das-array-with-single-controller-70f10000ux-1026975679.html, 1026975679              ,70F10000UX
https://www.frontierpc.com/owc-mercury-elite-pro-qx2-multi-interface-4-bay-raid-solution-owcm3qx2t16.0s-1027738883.html, 1027738883              ,OWCM3QX2T160S
https://www.frontierpc.com/storage/storage-arrays/das-array/lacie/4big-quadra/usb-3.0-9000330u-1024134410.html, 1024134410              ,9000330U
https://www.frontierpc.com/storage/storage-arrays/das-array/lenovo/thinkserver/sa120-das-array-with-dual-controller-70f10001ux-1026975680.html, 1026975680              ,70F10001UX
https://www.frontierpc.com/storage/storage-arrays/das-array/lacie/2big-thunderbolt-2-professional-dual-disk-hardware-raid-9000437u-1027805130.html, 1027805130              ,9000437U
https://www.frontierpc.com/storage/storage-arrays/das-array/vantec/nexstar-mx/nst-400mx-s3r-das-array-1022729896.html, 1022729896              ,NST-400MX-S3R
https://www.frontierpc.com/storage/storage-arrays/das-array/lacie/2big-quadra/usb-3.0-9000317-1024134405.html, 1024134405              ,9000317
https://www.frontierpc.com/storage/storage-arrays/das-hard-drive-array/startech/startech.com-2-bay-usb-3.0-raid-3.5in-hdd-enclosure-sat3520u3sr-1023120220.html, 1023120220              ,SAT3520U3SR
https://www.frontierpc.com/storage/storage-arrays/hp/hp-5u-6lff-hot-plug-drive-cage-kit-659485-b21-1021805052.html, 1021805052              ,659485B21
https://www.frontierpc.com/storage/storage-arrays/das-array/datarobotics/drobo-drobo-4-bay-direct-attached-storage-ddr3a21-1027351993.html, 1027351993              ,DDR3A21
https://www.frontierpc.com/storage/storage-arrays/das-array/lacie/2big-quadra-usb-3.0-9000495-1027978989.html, 1027978989              ,9000495
https://www.frontierpc.com/storage/storage-arrays/das-array/wd/my-book-duo-8-tb-dual-drive-raid-storage-wdblwe0080jch-nesn-1027738523.html, 1027738523              ,WDBLWE0080JCH-NESN 
https://www.frontierpc.com/storage/storage-arrays/nas-array/lenovo/thinkserver-sa120-das-array-70f1s00100-1027657537.html, 1027657537              ,70F1S00-100
https://www.frontierpc.com/storage/storage-arrays/nas-array/datarobotics/drobo/5n-nas-array-drds4a21-1024143997.html, 1024143997              ,DRDS4A21
https://www.frontierpc.com/storage/storage-arrays/das-array/id-tech/icy-dock-mb994sp-4sb-1-4-in-1-sata-hot-swap-backplane-raid-cage-1022260086.html, 1022260086              ,MB994SP-4SB-1
https://www.frontierpc.com/storage/storage-arrays/das-array/synology/diskstation/dx213-das-array-1023453776.html, 1023453776              ,DX213
https://www.frontierpc.com/storage/storage-arrays/das-array/wd/my-book-duo-6-tb-dual-drive-raid-storage-wdblwe0060jch-nesn-1027738524.html, 1027738524              ,WDBLWE0060JCH-NESN 
https://www.frontierpc.com/storage/storage-arrays/das-array/startech/startech.com-usb-3.0-dual-3.5in-sata-iii-hard-drive-raid-enclosure-with-fast-charge-usb-hub-%26-uasp-s352bu33hr-1028942384.html, 1028942384              ,S352BU33HR 
https://www.frontierpc.com/storage/storage-arrays/das-array/wd/my-passport-pro/portable-raid-storage-with-integrated-thunderbolt-cable-wdbrmp0020dbk-nesn-1027179515.html, 1027179515              ,WDBRMP0020DBK-NESN
https://www.frontierpc.com/storage/storage-arrays/nas-array/startech/startech.com-nas-hdd-raid-enclosure-s352bmu3n-1026662771.html, 1026662771              ,S352BMU3N 
https://www.frontierpc.com/storage/storage-arrays/das-array/syba/syba-multimedia-usb-3.0-dual-2.5-sata-enclosure-sy-enc25024-1022451022.html, 1022451022              ,SY-ENC25024
https://www.frontierpc.com/storage/storage-arrays/san-array/promise/vess-r2000-unified-storage-solution-for-smbs-r2600xid-1028784572.html, 1028784572              ,VR2600XIDABA
https://www.frontierpc.com/printing-media/labels/thermal-label/honeywell/duratran-ii/intermec-labels-e06175-10497039.html, 10497039              ,E06175 
https://www.frontierpc.com/printing-media/labels/thermal-label/brother/tze-233-thermal-label-tze233-1019821177.html, 1019821177              ,TZE233 
https://www.frontierpc.com/printing-media/labels/thermal-label/rubbermaid/dymo-thermal-label-20552-1010696012.html, 1010696012              ,20552 
https://www.frontierpc.com/printing-media/labels/thermal-label/brother/tze-435-thermal-label-tze435-1021050433.html, 1021050433              ,TZE435 
https://www.frontierpc.com/printing-media/labels/thermal-label/epson/at1l-30010-thermal-label-111198300-1011208721.html, 1011208721              ,111198300
https://www.frontierpc.com/printing-media/labels/thermal-label/epson/thermal-label-111198700-1014313613.html, 1014313613              ,111198700
https://www.frontierpc.com/printing-media/labels/thermal-label/zebra/z-select/4000t-thermal-label-10009530-1012903354.html, 1012903354              ,10009530
https://www.frontierpc.com/printing-media/labels/thermal-label/zebra/z-select/4000d-thermal-label-10010038-1013010420.html, 1013010420              ,10010038
https://www.frontierpc.com/printing-media/labels/thermal-label/zebra/z-select/4000d-thermal-label-10010040-1013010422.html, 1013010422              ,10010040
https://www.frontierpc.com/printing-media/labels/thermal-label/zebra/z-select/4000d-thermal-label-10010050-1013010431.html, 1013010431              ,10010050
https://www.frontierpc.com/printing-media/labels/thermal-label/epson/at1l-30020-label-111198400-1011208720.html, 1011208720              ,111198400
https://www.frontierpc.com/printing-media/labels/thermal-label/epson/thermal-label-111197200-1011217781.html, 1011217781              ,111197200
https://www.frontierpc.com/power-equipment/transfer-switches/bypass-switch/eaton/3.1-kva-external-wall-mountable-maintenance-bypass-panel-bpe01mbb1a-11301363.html, 11301363              ,BPE01MBB1A
https://www.frontierpc.com/power-equipment/transfer-switches/bypass-switch/eaton/bypass-switch-9ezbb2000000000-1021033550.html, 1021033550              ,9EZBB2000000000
https://www.frontierpc.com/power-equipment/transfer-switches/eaton/9e-20-30kva-iac-bypass-for-single-feed-9ezba1000000000-1021033547.html, 1021033547              ,9EZBA1000000000
https://www.frontierpc.com/power-equipment/transfer-switches/bypass-switch/eaton/bypass-switch-m9ezga310000000-1021033562.html, 1021033562              ,M9EZGA310000000
https://www.frontierpc.com/power-equipment/transfer-switches/automatic-transfer-switch/apc/rack-automatic-transfer-switch-ap7721-1012004587.html, 1012004587              ,AP7721 
https://www.frontierpc.com/power-equipment/transfer-switches/bypass-switch/apc/20-kva-external-wall-mountable-maintenance-bypass-panel-sbpsu10k20hc1m1-wp-1018159730.html, 1018159730              ,SBPSU10K20HC1M1-WP
https://www.frontierpc.com/power-equipment/transfer-switches/apc/rack-ats%2C-208v%2C-30a%2C-%282%29-l6-30p-in%2C-%281%29-l6-30r-out-ap7731-1024150493.html, 1024150493              ,AP7731
https://www.frontierpc.com/power-equipment/transfer-switches/automatic-transfer-switch/apc/1u-rack-mountable-16a-automatic-transfer-switch-ap7701-10010342.html, 10010342              ,AP7701
https://www.frontierpc.com/power-equipment/transfer-switches/bypass-switch/apc/smart-ups-vt-parallel-maintenance-bypass%2C-up-to-3-units-20-30kva-208v-floormount-suvtsbpar20k30f-1014545033.html, 1014545033              ,SUVTSBPAR20K30F
https://www.frontierpc.com/power-equipment/transfer-switches/bypass-panel/eaton/maintenance-bypass-panel-124100027-004-1012984290.html, 1012984290              ,124100027-004
https://www.frontierpc.com/power-equipment/transfer-switches/bypass-switch/eaton/external-wall-mountable-maintenance-bypass-switch-bpe02mbb1a-11815746.html, 11815746              ,BPE02MBB1A
https://www.frontierpc.com/power-equipment/transfer-switches/bypass-panel/eaton/maintenance-bypass-panel-124100027-003-1012984291.html, 1012984291              ,124100027-003
https://www.frontierpc.com/power-equipment/transfer-switches/bypass-switch/apc/30-kva-external-maintenance-bypass-switch-sbpsu20k30fc1m1-10667089.html, 10667089              ,SBPSU20K30FC1M1
https://www.frontierpc.com/power-equipment/transfer-switches/automatic-transfer-switch/apc/20a-rack-automatic-transfer-switch-ap7752-1011689152.html, 1011689152              ,AP7752
https://www.frontierpc.com/power-equipment/transfer-switches/bypass-switch/eaton/bypass-switch-9ezhb1020000000-1024693190.html, 1024693190              ,9EZHB1020000000
https://www.frontierpc.com/power-equipment/transfer-switches/bypass-module/eaton/103007415-5400-bypass-module-1020146953.html, 1020146953              ,103007415-5400
https://www.frontierpc.com/power-equipment/transfer-switches/bypass-panel/apc/maintenance-bypass-cabinet-g35tsbp10k30f-dp-1014545029.html, 1014545029              ,G35TSBP10K30F-DP
https://www.frontierpc.com/power-equipment/transfer-switches/bypass-switch/eaton/external-125-a-maintainance-bypass-switch-bpe20mbb1a-11251762.html, 11251762              ,BPE20MBB1A
https://www.frontierpc.com/power-equipment/transfer-switches/bypass-panel/apc/maintenance-bypass-panel-sbpsu20k30f-wp-1014545077.html, 1014545077              ,SBPSU20K30F-WP
https://www.frontierpc.com/power-equipment/transfer-switches/apc/smart-ups-vt-mnt-bypass-cab-10-30kva-208v-suvtsbp10k30f-dp-1014545035.html, 1014545035              ,SUVTSBP10K30F-DP
https://www.frontierpc.com/power-equipment/transfer-switches/bypass-switch/apc/40kw-external-maintenance-bypass-panel-sbp40kfc1m1-11292699.html, 11292699              ,SBP40KFC1M1
https://www.frontierpc.com/power-equipment/transfer-switches/automatic-transfer-switch/apc/automatic-transfer-switch-%28ap7750a%29-1024084308.html, 1024084308              ,AP7750A 
https://www.frontierpc.com/power-equipment/transfer-switches/bypass-switch/eaton/external-80-amp-wall-mountable-maintenance-bypass-switch-bpe14mbb1a-11819340.html, 11819340              ,BPE14MBB1A
https://www.frontierpc.com/power-equipment/transfer-switches/automatic-transfer-switch/apc/20a-rack-automatic-transfer-switch-ap7723-1011640161.html, 1011640161              ,AP7723 
https://www.frontierpc.com/power-equipment/transfer-switches/bypass-panel/eaton/powerware-bypass-panel-m90bee1xxx-1020520714.html, 1020520714              ,M90BEE1XXX
https://www.frontierpc.com/power-equipment/transfer-switches/bypass-panel/apc/maintenance-bypass-panel-sbpsu10k15f-wp-1014545030.html, 1014545030              ,SBPSU10K15F-WP
https://www.frontierpc.com/power-equipment/transfer-switches/automatic-transfer-switch/geist/automatic-transfer-switch-14306-1021387841.html, 1021387841              ,14306
https://www.frontierpc.com/power-equipment/transfer-switches/bypass-panel/tripp-lite/tripp-lite-su2030kmbp-bypass-panel-1027741863.html, 1027741863              ,SU2030KMBP
https://www.frontierpc.com/power-equipment/transfer-switches/bypass-panel/apc/maintenance-bypass-cabinet-suvtsbp10k15f-1014545027.html, 1014545027              ,SUVTSBP10K15F
https://www.frontierpc.com/power-equipment/transfer-switches/bypass-panel/apc/maintenance-bypass-cabinet-suvtsbp20k30f-1014545032.html, 1014545032              ,SUVTSBP20K30F
https://www.frontierpc.com/power-equipment/transfer-switches/bypass-panel/apc/maintenance-bypass-cabinet-g35tsbp20k30f-1014545031.html, 1014545031              ,G35TSBP20K30F
https://www.frontierpc.com/power-equipment/transfer-switches/bypass-panel/eaton/maintenance-bypass-panel-124100028-004-1012984289.html, 1012984289              ,124100028-004
https://www.frontierpc.com/power-equipment/transfer-switches/bypass-switch/apc/static-bypass-switch-sysw80kf-11397758.html, 11397758              ,SYSW80KF 
https://www.frontierpc.com/power-equipment/transfer-switches/bypass-panel/eaton/bypass-panel-124100028-007-1020521102.html, 1020521102              ,124100028-007
